  Psc,000520.1,-054227,4.61
α And,000823.3,+290526,2.06
β Cas,000910.7,+590859,2.27
κ1Scl,000921.0,-275916,5.42
ε Phe,000924.7,-454451,3.88
  And,001019.3,+460420,5.03
γ3Oct,001002.1,-821326,5.28
  Cet,001115.9,-152805,4.89
κ2Scl,001134.4,-274759,5.41
θ Scl,001144.0,-350759,5.25
     ,001210.0,-175618,5.25
γ Peg,001314.2,+151101,2.83
χ Peg,001436.2,+201224,4.80
     ,001427.6,-074650,5.12
  Cet,001438.4,-185558,4.44
θ And,001705.5,+384054,4.61
σ And,001819.7,+364707,4.52
ι Cet,001925.7,-084926,3.56
ζ Tuc,002004.3,-645229,4.23
  Psc,002035.9,+081125,5.37
ρ And,002107.3,+375807,5.18
ι Scl,002131.2,-285854,5.18
     ,002146.3,-200328,5.12
  Cas,002447.5,+614952,5.40
β Hyi,002545.1,-771515,2.80
α Phe,002617.0,-421822,2.39
κ Phe,002612.2,-434048,3.94
  Psc,002802.9,+175335,5.06
     ,002813.7,+442340,5.17
η Scl,002755.7,-330026,4.81
     ,002826.4,-395454,5.43
  And,003007.3,+294506,5.23
     ,003022.7,-234716,5.19
λ Cas,003146.4,+543120,4.73
λ1Phe,003125.0,-484813,4.77
β1Tuc,003132.7,-625729,4.37
β2Tuc,003133.6,-625757,4.54
κ Cas,003300.0,+625554,4.16
  Psc,003235.5,+201740,5.38
β3Tuc,003243.8,-630152,5.09
  Cet,003514.9,-033534,5.20
     ,003608.3,+541007,5.08
     ,003646.6,+442919,5.13
ζ Cas,003658.3,+535349,3.66
π And,003652.9,+334310,4.36
     ,003721.1,+352358,5.48
ε And,003833.3,+291842,4.37
     ,003909.9,+492116,5.43
δ And,003919.7,+305139,3.27
  Psc,003955.6,+212618,5.36
α Cas,004030.5,+563214,2.23
  And,004107.2,+392731,5.33
ξ Cas,004203.9,+503045,4.80
μ Phe,004119.6,-460506,4.59
π Cas,004328.1,+470129,4.94
ρ Tuc,004228.4,-652805,5.39
β Cet,004335.4,-175912,2.04
η Phe,004321.2,-572747,4.36
ο Cas,004443.5,+481704,4.54
φ1Cet,004411.4,-103634,4.76
     ,004517.2,+551318,5.42
     ,004444.4,-220022,5.24
  Cas,004746.1,+745051,5.41
     ,004611.8,-223119,5.50
  Psc,004633.0,+152832,5.38
  Psc,004701.5,+115826,5.50
ζ And,004720.3,+241602,4.06
η Cas,004906.0,+574857,3.44
ν Cas,004850.1,+505806,4.89
δ Psc,004841.0,+073506,4.43
  Psc,004858.7,+165626,5.07
ν And,004948.8,+410444,4.53
     ,005043.6,+641451,5.39
φ2Cet,005007.6,-103840,5.19
λ Hyi,004835.4,-745524,5.07
ρ Phe,005041.2,-505913,5.22
     ,005304.1,+610727,4.82
     ,005240.6,-240021,5.46
  Cet,005300.5,-010839,4.77
υ1Cas,005500.1,+585822,4.83
  And,005458.0,+233742,5.47
γ Cas,005642.5,+604300,2.47
υ2Cas,005639.8,+591052,4.63
φ3Cet,005601.5,-111600,5.31
μ And,005645.2,+382958,3.87
λ2Tuc,005500.3,-693137,5.45
η And,005712.4,+232503,4.42
  Psc,005750.2,+285932,5.42
α Scl,005836.4,-292127,4.31
     ,010844.7,+861525,4.25
σ Psc,010249.1,+314816,5.50
σ Scl,010226.4,-313307,5.50
ε Psc,010256.6,+075324,4.28
  Cet,010302.6,-045012,5.43
     ,010249.2,-462351,5.36
ψ1Psc,010540.9,+212824,5.34
μ Cas,010816.4,+545513,5.17
β Phe,010605.0,-464307,3.31
  And,010800.9,+435631,5.03
υ Phe,010747.9,-412913,5.21
ι Tuc,010718.7,-614631,5.37
η Cet,010835.4,-101056,3.45
φ And,010930.2,+471431,4.25
  Cas,011039.3,+684643,5.29
β And,010943.9,+353714,2.06
ζ Phe,010823.1,-551445,3.92
θ Cas,011106.2,+550859,4.33
  Psc,011106.8,+312529,5.16
χ Psc,011127.2,+210205,4.66
τ Psc,011139.6,+300523,4.51
φ Psc,011344.9,+243501,4.65
ζ Psc,011343.9,+073431,5.24
  Cet,011424.0,-075523,5.13
ν Phe,011511.1,-453153,4.96
  Cet,011636.3,-023001,5.41
κ Tuc,011546.1,-685234,4.86
  Psc,011748.0,+033652,5.16
φ Cas,012004.9,+581354,4.98
υ Psc,011928.0,+271551,4.76
  Psc,012107.4,+284417,5.23
ξ And,012220.4,+453144,4.88
ψ Cas,012556.0,+680748,4.74
θ Cet,012401.4,-081100,3.60
δ Cas,012549.0,+601407,2.68
     ,012440.8,-412933,5.42
  Cet,012537.2,-143556,4.90
ρ Psc,012615.3,+191020,5.38
  Psc,012641.7,+191425,5.50
ω And,012739.4,+452424,4.83
α UMi,023148.7,+891551,2.02
γ Phe,012821.9,-431906,3.41
  And,013006.2,+470026,5.27
  Cet,012936.1,-213746,5.12
μ Psc,013011.1,+060838,4.84
η Psc,013129.0,+152045,3.62
δ Phe,013115.1,-490422,3.95
χ Cas,013355.9,+591355,4.71
  Cas,013830.9,+730224,5.28
υ And,013647.8,+412420,4.09
  Cet,013559.0,-152401,5.42
  And,013759.6,+483742,3.57
χ And,013921.0,+442310,4.98
α Eri,013742.9,-571412,0.46
τ And,014034.8,+403437,4.94
  Cas,014255.9,+703721,5.18
     ,014147.2,+423649,4.95
ν Psc,014125.9,+052915,4.44
  Psc,014229.8,+201607,5.24
φ Per,014339.6,+504119,4.07
π Scl,014208.6,-321937,5.25
     ,014243.5,-034125,4.99
τ Cet,014404.1,-155615,3.50
ο Psc,014523.6,+090928,4.26
     ,014559.3,-054400,5.34
ε Scl,014538.8,-250309,5.31
     ,014605.8,-504859,5.49
     ,014606.3,-533119,5.04
χ Cet,014935.1,-104111,4.67
ζ Cet,015127.6,-102006,3.73
ε Cas,015423.7,+634012,3.38
  And,015317.3,+404347,5.40
α Tri,015304.9,+293444,3.41
γ1Ari,015331.8,+191745,4.83
γ2Ari,015331.8,+191737,4.75
ω Cas,015600.0,+684107,4.99
ξ Psc,015333.3,+031115,4.62
β Ari,015438.4,+204829,2.64
ψ Phe,015338.8,-461809,4.41
φ Phe,015422.0,-422949,5.11
ι Ari,015721.1,+174903,5.10
  Cet,015640.2,-223137,4.85
χ Eri,015557.5,-513632,3.70
     ,015938.0,+643717,5.26
λ Ari,015755.7,+233546,4.79
η2Hyi,015456.1,-673850,4.69
     ,015710.0,-472306,4.83
  Cas,020157.4,+705425,4.54
  Cas,020326.1,+722517,3.98
  Cas,020507.4,+771653,5.38
  Cet,015946.1,-204928,5.41
υ Cet,020000.3,-210440,4.00
  Per,020218.1,+542915,5.04
α Hyi,015846.2,-613411,2.86
  Cas,020531.2,+760654,5.22
π For,020114.7,-300006,5.35
α Psc,020202.8,+024549,5.23
α Psc,020202.8,+024549,4.33
ε Tri,020258.0,+331702,5.50
χ Phe,020142.4,-444249,5.14
γ1And,020354.0,+421947,2.26
γ2And,020354.7,+421951,4.84
  Cet,020311.7,+000742,5.43
ν For,020429.4,-291749,4.69
κ Ari,020633.9,+223854,5.03
α Ari,020710.4,+232745,2.00
  And,020829.3,+375133,4.82
β Tri,020932.6,+345914,3.00
  Ari,020925.3,+255623,4.98
  Tri,021222.3,+301811,4.94
  And,021313.3,+441354,4.83
     ,021336.3,+510357,5.31
η Ari,021248.1,+211239,5.27
ξ1Cet,021300.0,+085048,4.37
μ For,021254.5,-304326,5.28
  Tri,021556.2,+332132,5.28
δ Tri,021703.2,+341327,4.87
γ Tri,021718.9,+335050,4.01
  And,021916.8,+472248,5.30
φ Eri,021630.6,-513044,3.56
  Tri,021857.0,+283833,5.03
ο Cet,021920.7,-025839,3.04
  Per,022221.4,+555044,5.17
  Cet,022156.6,+002345,5.28
  Cet,022212.4,-005306,5.42
     ,022201.4,-104640,5.46
  And,022424.9,+500024,5.19
κ For,022232.6,-234859,5.20
  And,022537.4,+501643,4.71
ξ Ari,022449.0,+103638,5.47
δ Hyi,022144.9,-683934,4.09
ι Cas,022904.0,+672409,4.52
ρ Cet,022557.0,-121726,4.89
λ Hor,022453.9,-601843,5.35
κ Hyi,022252.3,-733845,5.01
  Tri,022810.0,+294010,5.29
ξ2Cet,022809.5,+082736,4.28
κ Eri,022659.1,-474214,4.25
φ For,022801.7,-334840,5.14
  Tri,023206.2,+360850,5.15
     ,023130.1,+021602,5.25
  Cet,023209.4,-010206,5.35
σ Cet,023205.2,-151441,4.75
     ,023802.0,+724906,5.16
ω For,023350.7,-281357,4.90
  Tri,023546.8,+344115,5.35
ν Cet,023552.5,+053536,4.86
     ,023702.5,+341550,5.30
ν Ari,023849.0,+215741,5.43
μ Hyi,023140.5,-790634,5.28
η Hor,023724.4,-523235,5.31
δ Cet,023929.0,+001943,4.07
ε Cet,023933.8,-115220,4.84
  Ari,024041.1,+270339,5.30
  Per,024214.9,+401138,4.91
     ,023948.0,-425330,4.75
ι Eri,024040.0,-395120,4.11
θ Per,024412.0,+491342,4.12
  Per,024405.2,+441749,5.43
  Ari,024327.1,+274226,4.66
ζ Hor,024039.6,-543300,5.21
γ Cet,024318.0,+031409,3.47
ε Hyi,023935.4,-681601,4.11
ι Hor,024233.5,-504801,5.41
π Cet,024407.4,-135131,4.25
  Ari,024457.6,+122645,5.18
μ Cet,024456.5,+100651,4.27
τ1Eri,024506.2,-183421,4.47
  Ari,024754.5,+291450,4.51
η Per,025041.8,+555344,3.76
π Ari,024917.5,+172751,5.22
ζ Hyi,024532.6,-673700,4.84
  Ari,024959.0,+271538,3.63
  Per,025035.1,+381907,4.23
β For,024905.4,-322421,4.46
  Per,025130.8,+350335,4.53
γ2For,024954.2,-275630,5.39
σ Ari,025129.6,+150455,5.49
τ2Eri,025102.3,-210015,4.75
η3For,025040.4,-354034,5.47
ν Hor,024901.5,-624824,5.26
τ Per,025415.5,+524545,3.95
  Per,025342.6,+382015,5.33
     ,025352.9,-495325,4.00
ν Hyi,025028.5,-750401,4.75
  Per,025717.3,+315603,5.11
η Eri,025625.7,-085353,3.89
     ,025637.4,-034244,5.17
π Per,025845.7,+393946,4.70
     ,030607.8,+792507,5.49
  Per,025903.7,+351059,4.93
  Eri,025723.7,-235143,5.45
     ,025949.9,+471315,5.47
ε Ari,025912.7,+212025,4.63
ε Ari,025912.7,+212025,4.63
     ,030052.2,+522106,5.28
     ,025842.0,-024657,5.23
λ Cet,025942.9,+085427,4.70
θ1Eri,025815.7,-401817,3.24
θ2Eri,025816.3,-401816,4.35
β Hor,025847.8,-640417,4.99
α Cet,030216.8,+040523,2.53
γ Per,030447.8,+533023,2.93
ρ2Eri,030242.3,-074107,5.32
     ,030532.4,+564221,4.76
τ3Eri,030223.5,-233728,4.09
ρ Per,030510.6,+385025,3.39
ρ3Eri,030416.4,-073603,5.26
     ,031156.3,+742337,4.87
μ Hor,030336.8,-594416,5.11
     ,030633.5,-060519,5.27
β Per,030810.1,+405720,2.12
ι Per,030904.0,+493648,4.05
κ Per,030929.8,+445126,3.80
ω Per,031117.4,+393642,4.63
δ Ari,031137.8,+194336,4.35
     ,032019.7,+774405,5.45
  Cet,031246.4,-011146,5.06
α For,031204.3,-285913,3.87
     ,031612.2,+505616,5.03
ζ Ari,031454.1,+210240,4.89
  Per,031747.4,+440130,5.47
ζ Eri,031550.0,-084911,4.80
     ,031959.4,+653908,4.84
  Per,031837.8,+501320,5.15
  Per,031907.6,+500542,5.03
     ,031843.8,+341322,4.82
  Cet,031822.4,-005549,5.38
  Eri,031822.1,-223041,4.88
κ1Cet,031921.7,+032213,4.83
     ,032020.4,+290254,4.47
  Per,032126.5,+431946,4.95
τ4Eri,031931.0,-214528,3.69
τ1Ari,032113.6,+210849,5.28
     ,031955.7,-430411,4.27
     ,032440.5,+643510,5.23
ζ2Ret,031812.9,-623023,5.24
     ,032313.2,+491248,5.29
τ2Ari,032245.2,+204431,5.09
α Per,032419.4,+495140,1.79
  Ari,032418.5,+244327,5.50
ο Tau,032448.8,+090144,3.60
     ,032803.1,+490346,4.98
     ,032904.1,+595625,4.21
ξ Tau,032710.2,+094358,3.74
     ,032954.9,+585243,4.54
  Per,032922.1,+493032,4.67
     ,033000.2,+552707,5.09
σ Per,033034.5,+475943,4.36
  Tau,033024.5,+112011,5.14
     ,033208.6,+480125,5.47
  Tau,033052.4,+125612,4.11
  Per,033226.3,+460325,5.31
  Eri,033037.1,-050431,4.73
κ Ret,032922.7,-625615,4.72
ε Eri,033255.8,-092730,3.73
ψ Per,033629.4,+481134,4.23
τ5Eri,033347.3,-213758,4.27
  Eri,033617.4,-172801,5.23
  Tau,033652.4,+002406,4.28
     ,034209.3,+631300,5.10
     ,033705.7,-401629,4.58
δ Per,034255.5,+474715,3.01
  Per,034222.5,+335754,4.97
     ,034602.3,+632042,4.80
ο Per,034419.1,+321718,3.83
δ For,034214.9,-315618,5.00
ν Per,034511.6,+423443,3.77
δ Eri,034314.9,-094548,3.54
     ,034913.8,+705216,5.44
  Tau,034448.2,+241722,5.46
  Tau,034452.5,+240648,3.70
     ,034250.1,-371849,4.59
  Tau,034512.5,+242802,4.30
  Eri,034430.5,-010947,5.25
γ Cam,035021.5,+711956,4.63
  Tau,034549.6,+242204,3.87
  Tau,034540.4,+060300,5.35
     ,034931.2,+653134,4.47
  Tau,034619.6,+235654,4.18
π Eri,034608.5,-120606,4.42
η Tau,034729.1,+240618,2.87
     ,034820.9,+232516,5.45
τ6Eri,034650.9,-231459,4.23
  Tau,034816.3,+110836,5.07
β Ret,034412.0,-644825,3.85
  Per,034932.6,+330529,5.11
  Tau,034909.7,+240312,3.63
  Tau,034911.2,+240812,5.09
τ7Eri,034739.6,-235229,5.24
     ,035018.9,+253446,5.26
     ,034835.4,-373720,5.40
     ,034835.9,-373714,4.73
     ,034927.3,-361201,4.17
  Eri,035241.6,-052141,5.48
ζ Per,035407.9,+315301,2.85
     ,035725.5,+630420,5.03
     ,035708.3,+610632,5.00
     ,035558.2,+475217,5.37
γ Hyi,034714.3,-741420,3.24
  Per,035636.5,+504143,5.28
  Eri,035417.5,-025717,4.79
τ8Eri,035342.6,-243645,4.65
     ,035338.9,-344356,5.11
     ,035628.7,+350452,5.49
ε Per,035751.2,+400037,2.89
ξ Per,035857.9,+354728,4.04
     ,041002.8,+804155,5.10
γ Eri,035801.8,-133031,2.95
λ Tau,040040.8,+122925,3.47
τ9Eri,035955.5,-240059,4.66
     ,040427.2,+590920,5.06
  Eri,040132.0,-013259,5.28
δ Ret,035844.7,-612401,4.56
     ,040236.7,-001608,5.38
ν Tau,040309.4,+055921,3.91
  Tau,040421.7,+240621,5.47
  Tau,040344.6,+052608,5.33
     ,040356.6,+081150,5.46
  Tau,040441.7,+220455,4.36
     ,040409.9,+024937,5.36
λ Per,040635.0,+502105,4.29
γ Ret,040053.8,-620934,4.51
ι Ret,040118.2,-610444,4.97
  Tau,040636.4,+273600,5.20
ψ Tau,040700.5,+290005,5.23
  Per,040839.7,+474245,4.04
ω1Tau,040910.0,+193633,5.50
  Tau,041049.9,+262851,5.41
     ,040917.8,-162309,5.37
  Eri,041022.5,-065526,5.44
ο1Eri,041151.9,-065015,4.04
δ Hor,041050.6,-415937,4.93
μ Per,041453.9,+482434,4.14
     ,043000.1,+832026,5.46
  Per,041453.3,+402901,4.71
  Tau,041333.1,+074258,5.29
  Tau,041356.4,+091549,4.84
     ,041643.1,+533643,5.19
     ,041436.3,+100040,5.22
     ,042702.8,+804927,5.43
  Eri,041423.7,-101523,4.87
μ Tau,041532.1,+085332,4.29
     ,041814.6,+501744,4.61
ο2Eri,041516.3,-073910,4.43
α Hor,041400.1,-421740,3.86
     ,042040.3,+650826,5.27
ω2Tau,041715.6,+203443,4.94
     ,041913.3,+500256,5.45
     ,042147.6,+604408,5.39
α Ret,041425.5,-622826,3.35
γ Dor,041601.6,-512912,4.25
  Tau,041926.1,+210832,5.35
     ,041448.7,-621131,5.45
  Tau,041936.7,+214625,5.38
  Per,042024.6,+343400,4.93
γ Tau,041947.6,+153739,3.65
υ4Eri,041753.7,-334754,3.56
φ Tau,042021.3,+272103,4.95
  Per,042133.2,+462956,4.85
ε Ret,041628.9,-591807,4.44
  Tau,042036.3,+150543,5.26
     ,041916.6,-441605,5.34
     ,042039.0,-203823,5.38
χ Tau,042234.9,+253745,5.37
δ1Tau,042256.1,+173233,3.76
δ2Tau,042405.8,+172638,4.80
  Tau,042351.9,+092739,5.12
ξ Eri,042340.8,-034444,5.17
κ1Tau,042522.1,+221738,4.22
κ2Tau,042525.0,+221159,5.28
δ3Tau,042529.4,+175541,4.29
     ,042606.3,+312620,5.28
υ Tau,042618.5,+224849,4.28
  Eri,042402.2,-340101,3.96
  Tau,042620.8,+153706,4.49
η Ret,042153.3,-632311,5.24
π Tau,042636.4,+144249,4.69
  Tau,042826.4,+162135,4.97
ε Tau,042837.0,+191049,3.53
θ1Tau,042834.5,+155744,3.84
θ2Tau,042839.7,+155215,3.40
  Tau,042850.2,+130251,5.03
     ,043033.7,+161138,4.78
  Tau,043038.9,+154131,5.48
  Tau,043037.3,+134328,5.40
  Eri,043152.7,-000238,4.91
δ Cae,043050.1,-445714,5.07
ρ Tau,043350.9,+145040,4.65
  Eri,043411.6,-081353,5.11
     ,043411.7,-085813,5.26
υ1Eri,043330.6,-294600,4.51
  Per,043641.4,+411553,4.25
α Tau,043555.2,+163033,0.85
  Tau,043539.3,+100939,4.25
ν Eri,043619.1,-032109,3.93
υ2Eri,043533.0,-303344,3.82
α Dor,043359.8,-550242,3.27
  Cam,043958.1,+532823,5.35
  Cam,043954.7,+530447,5.05
     ,043713.7,+005954,5.31
  Tau,043809.5,+123039,4.27
  Eri,043736.1,-022824,5.23
σ1Tau,043909.2,+154759,5.07
σ2Tau,043916.5,+155505,4.69
     ,043906.2,+075215,5.39
  Eri,043810.8,-141814,3.87
     ,043853.6,-120723,5.01
  Tau,044003.4,+121152,5.46
     ,043919.7,-142133,5.45
     ,043645.6,-620439,5.40
  Per,044254.3,+432154,5.29
  Eri,044026.5,-194018,4.32
τ Tau,044214.7,+225725,4.28
α Cae,044033.7,-415150,4.45
β Cae,044203.5,-370840,5.05
     ,044425.8,+110846,5.40
  Cam,044800.3,+564526,5.30
λ Pic,044246.4,-502853,5.31
     ,044601.7,+114220,5.37
μ Eri,044530.1,-031517,4.02
     ,050020.7,+811138,5.07
     ,045205.2,+633019,5.44
κ Dor,044421.1,-594358,5.27
     ,044954.6,+372918,4.88
α Cam,045403.0,+662034,4.29
π3Ori,044950.4,+065741,3.19
π2Ori,045036.7,+085401,4.36
  Tau,045122.5,+185023,5.10
  Eri,045011.6,-161302,5.03
  Aur,045238.0,+364211,4.78
π4Ori,045112.4,+053618,3.69
ο1Ori,045232.0,+141502,4.74
ω Eri,045253.7,-052710,4.39
  Ori,045322.8,+023029,5.33
π5Ori,045415.1,+022626,3.72
  Cam,045717.2,+534508,4.47
  Ori,045446.9,+112534,5.19
π1Ori,045453.8,+100903,4.65
     ,045447.8,+074645,5.33
ι Aur,045659.6,+330958,2.69
ο2Ori,045622.3,+133052,4.07
     ,045722.3,+170913,5.48
ω Aur,045915.4,+375325,4.94
π6Ori,045832.9,+014251,4.47
β Cam,050325.1,+602632,4.03
ε Aur,050158.1,+434924,2.99
  Eri,045950.4,-101548,5.38
  Eri,045955.8,-123215,4.79
ζ Aur,050228.7,+410433,3.75
ψ Eri,050126.3,-071026,4.81
ι Tau,050305.7,+213524,4.64
     ,050125.6,-200307,4.91
  Cam,050608.5,+585821,5.08
     ,050209.8,-261630,5.02
η Men,045511.2,-745613,5.47
  Aur,050640.6,+513552,5.00
  Ori,050434.1,+152415,4.68
η Aur,050630.9,+411404,3.17
     ,051222.4,+735648,5.43
η1Pic,050248.6,-490905,5.38
γ1Cae,050424.4,-352900,4.55
ε Lep,050527.7,-222216,3.19
  Tau,050727.0,+183842,5.00
  Eri,050645.7,-043918,5.12
  Tau,050748.4,+202506,5.30
  Tau,050806.6,+241555,5.50
η2Pic,050458.0,-493440,5.03
  Ori,050752.9,+082954,5.34
β Eri,050751.0,-050511,2.79
  Ori,050919.6,+094946,5.43
  Eri,050843.6,-042722,5.12
ζ Dor,050530.6,-572822,4.72
  Ori,050942.0,+153550,4.82
β Men,050243.0,-711852,5.31
λ Eri,050908.8,-084515,4.27
     ,051141.6,+160244,5.18
     ,052233.5,+791352,5.05
μ Aur,051325.7,+382904,4.86
     ,050734.0,-632359,5.20
ι Lep,051217.9,-115209,4.45
ρ Ori,051317.5,+025140,4.46
μ Lep,051255.9,-161220,3.31
κ Lep,051313.9,-125629,4.36
  Aur,051524.4,+324116,5.02
α Aur,051641.4,+455953,0.08
     ,051444.1,+050922,5.50
β Ori,051432.3,-081206,0.12
     ,051815.9,+424732,5.48
     ,051524.3,-265636,5.07
  Aur,051810.7,+332218,4.54
λ Aur,051908.5,+400557,4.71
     ,051900.0,+334454,5.41
τ Ori,051736.4,-065040,3.60
     ,051740.2,-133111,5.50
  Tau,051916.6,+220547,4.94
  Aur,052000.9,+335729,5.03
ο Col,051729.1,-345343,4.83
θ Dor,051345.4,-671107,4.83
  Ori,051911.2,+023545,5.34
ρ Aur,052148.4,+414816,5.23
  Cam,052327.8,+573240,5.28
λ Lep,051934.5,-131036,4.29
ν Lep,051959.1,-121856,5.30
     ,052026.9,-211422,4.71
  Ori,052145.7,-002257,4.73
ζ Pic,051922.1,-503622,5.45
  Ori,052250.0,+033240,5.00
     ,052146.2,-244623,5.06
σ Aur,052439.2,+372308,4.99
  Tau,052425.4,+172300,4.99
  Lep,052330.2,-135538,5.25
  Ori,052356.8,-074829,4.14
  Ori,052428.9,-005329,5.08
η Ori,052428.6,-022349,3.36
ψ1Ori,052444.8,+015047,4.95
γ Ori,052507.9,+062059,1.64
β Tau,052617.5,+283627,1.65
  Cam,053010.2,+630402,5.42
φ Aur,052738.9,+342833,5.07
  Tau,052710.1,+175744,5.42
  Tau,052738.1,+215613,4.88
ψ2Ori,052650.2,+030544,4.59
  Tau,052745.6,+155227,5.50
  Tau,052916.5,+250902,5.47
β Lep,052814.7,-204534,2.84
  Ori,052944.0,-010532,4.71
λ Dor,052619.3,-585445,5.14
  Ori,053047.1,+055653,4.20
  Ori,053114.5,+031732,5.46
χ Aur,053243.7,+321131,4.76
  Tau,053212.8,+183540,4.38
     ,053214.2,+170329,5.46
δ Ori,053200.4,-001757,2.23
υ Ori,053155.8,-071805,4.62
     ,053009.5,-470440,5.46
     ,053241.3,-013531,5.35
ε Col,053112.7,-352814,3.87
α Lep,053243.8,-174920,2.58
     ,053331.4,-010922,5.34
  Ori,053416.7,+034601,5.36
  Tau,053527.1,+240222,5.38
φ1Ori,053449.2,+092922,4.41
     ,053251.3,-383047,5.48
λ Ori,053508.3,+095603,3.54
     ,053502.7,-060007,4.78
  Ori,053523.2,-045018,4.59
θ1Ori,053516.5,-052323,5.13
θ2Ori,053522.9,-052458,5.08
ι Ori,053526.0,-055436,2.77
  Ori,053539.5,-045121,5.26
ε Ori,053612.8,-011207,1.70
φ2Ori,053654.3,+091726,4.09
ζ Tau,053738.7,+210833,3.00
  Aur,053838.1,+302933,5.40
     ,053259.6,-641339,5.34
β Dor,053337.5,-622923,3.76
  Tau,053944.2,+255349,5.18
σ Ori,053844.8,-023600,3.81
ω Ori,053911.1,+040717,4.57
ν2Col,053744.6,-284122,5.31
  Ori,053853.1,-071247,4.80
  Tau,054117.7,+163202,4.86
ζ Ori,054045.5,-015634,2.05
ζ Ori,054045.6,-015634,4.21
     ,054050.6,-010744,4.95
γ Men,053152.9,-762028,5.19
α Col,053938.9,-340427,2.64
     ,053949.8,-323745,5.45
  Ori,054228.6,+012829,4.91
ο Aur,054554.0,+494935,5.47
     ,054215.1,-344004,5.29
γ Lep,054427.8,-222654,3.60
  Tau,054726.2,+174345,5.49
  Tau,054742.9,+135359,5.29
τ Aur,054910.5,+391052,4.52
μ Col,054559.9,-321823,5.17
ζ Lep,054657.3,-144919,3.55
  Ori,054800.2,+062715,5.27
  Tau,054901.0,+243403,4.86
κ Ori,054745.4,-094011,2.06
     ,054627.4,-463550,5.31
  Tau,054932.9,+123904,4.91
υ Aur,055102.4,+371820,4.74
ν Aur,055129.4,+390855,3.97
δ Dor,054446.4,-654408,4.35
β Pic,054717.1,-510359,3.85
     ,054936.5,-142901,5.49
  Cam,055457.8,+595318,5.20
ξ Aur,055450.8,+554225,4.99
  Ori,055122.0,-073105,5.35
  Tau,055319.6,+273644,4.58
δ Lep,055119.3,-205245,3.81
  Ori,055226.4,+015118,4.78
β Col,055057.6,-354606,3.12
γ Pic,054949.7,-561000,4.51
χ1Ori,055422.9,+201634,4.41
     ,055053.2,-520632,5.17
λ Col,055306.9,-334805,4.87
α Ori,055510.3,+072425,0.50
     ,055549.3,+201030,5.40
ε Dor,054953.6,-665404,5.11
δ Aur,055931.6,+541705,3.72
  Tau,055759.7,+255714,4.82
η Lep,055624.3,-141004,3.71
ξ Col,055529.9,-370715,4.97
β Aur,055931.7,+445651,1.90
π Aur,055956.1,+455613,4.26
σ Col,055620.9,-312257,5.50
     ,055450.2,-523807,5.29
θ Aur,055943.3,+371245,2.62
     ,055406.1,-630524,4.65
  Ori,055849.6,+003311,5.22
γ Col,055732.2,-351700,4.36
  Mon,055904.3,-093330,5.03
     ,060003.4,-030427,4.53
η Col,055908.8,-424855,3.96
μ Ori,060223.0,+093851,4.12
κ Men,055016.7,-792141,5.47
  Mon,060150.4,-103553,4.95
  Ori,060327.3,+194126,5.14
  Gem,060407.2,+231548,4.16
χ2Ori,060355.2,+200818,4.63
     ,060315.5,-261704,5.04
     ,060413.5,-064233,5.21
  Aur,060635.1,+382858,5.36
  Lep,060459.1,-162904,4.93
  Cam,060959.1,+585609,5.36
     ,060638.7,-041138,5.38
θ Lep,060609.3,-145607,4.67
ν Ori,060734.3,+144606,4.42
     ,060632.0,-230638,5.47
  Cam,061251.1,+654306,5.32
  Lep,060741.6,-190957,5.31
θ Col,060731.6,-371511,5.02
     ,060857.9,-222539,5.50
π2Col,060752.9,-420914,5.50
     ,060703.4,-620917,5.05
  Ori,061203.3,+160750,4.95
ξ Ori,061156.4,+141232,4.48
  Cam,061540.6,+595957,5.35
     ,061151.8,-063301,5.05
     ,061850.8,+691911,4.80
δ Pic,061017.9,-545807,4.81
  Lyn,061754.8,+613055,4.98
η Gem,061452.6,+223024,3.28
κ Aur,061522.7,+292953,4.35
  Ori,061450.9,+190923,5.20
ν Dor,060844.2,-685036,5.06
  Ori,061525.1,+160835,5.30
γ Mon,061451.3,-061629,3.98
  Ori,061545.0,+123304,5.33
  Lyn,061937.4,+590039,4.48
  Ori,061626.6,+121620,5.04
     ,061544.9,-134306,5.01
η2Dor,061115.0,-653522,5.01
  Ori,061706.6,+095633,5.39
κ Col,061633.1,-350826,4.37
     ,061741.7,-164857,5.14
α Men,061014.4,-744511,5.09
  Aur,062146.1,+532708,5.36
     ,061850.6,-092325,5.36
  Mon,061942.8,-074923,5.27
     ,061959.6,-025640,4.90
ζ CMa,062018.8,-300348,3.02
μ Gem,062257.6,+223049,2.88
ψ1Aur,062453.9,+491717,4.91
  Lyn,062648.9,+582502,5.21
β CMa,062242.0,-175721,1.98
δ Col,062206.8,-332611,3.85
ε Mon,062346.1,+043534,4.44
     ,062410.3,-113149,5.22
α Car,062357.1,-524145,-0.72
     ,062713.8,+001757,5.20
ν Gem,062857.8,+201244,4.15
  Mon,062757.6,-044544,5.06
β Mon,062849.0,-070158,4.60
β Mon,062849.5,-070204,5.40
λ CMa,062810.1,-323448,4.48
     ,063148.3,+113240,5.23
π2Dor,062528.6,-694125,5.38
     ,063123.0,-122330,5.15
     ,063150.1,-080929,5.43
     ,062949.1,-501421,5.27
  Mon,063254.2,+071959,4.50
ξ1CMa,063151.3,-232506,4.33
     ,062928.5,-565110,5.22
     ,063337.9,-011313,5.10
  Aur,063512.1,+280120,5.27
     ,063221.3,-374148,5.24
     ,064614.1,+793353,5.45
     ,063632.9,+382643,5.29
     ,063349.5,-361356,5.42
ξ2CMa,063503.4,-225753,4.54
ψ3Aur,063849.2,+395409,5.20
γ Gem,063742.7,+162357,1.93
ψ2Aur,063919.9,+422920,4.79
ν2CMa,063641.0,-191521,3.95
     ,063458.6,-525832,4.39
ν3CMa,063753.4,-181415,4.43
     ,063747.6,-322023,5.27
     ,063916.7,-140845,4.82
ν Pup,063745.7,-431146,3.17
  Mon,064058.7,+095344,4.66
ψ4Aur,064305.0,+443128,5.02
     ,063837.6,-481313,4.93
  Gem,064224.3,+173843,5.21
     ,064156.4,-091002,5.19
  Lyn,064614.1,+592630,4.87
ε Gem,064355.9,+250752,2.98
  Lyn,064649.5,+571009,5.35
  Gem,064359.3,+131340,4.49
  Gem,064445.5,+285815,5.44
ψ5Aur,064644.3,+433439,5.25
ξ Gem,064517.4,+125344,3.36
ψ6Aur,064739.6,+484722,5.22
  Cam,065057.1,+673419,5.14
α CMa,064508.9,-164258,-1.46
  CMa,064428.4,-310414,5.20
     ,064559.3,-144746,5.32
  Mon,064719.8,+080214,4.77
  CMa,064651.1,-142533,5.29
  Mon,064751.6,+022444,4.47
     ,064737.1,-085954,5.07
  Cam,065342.2,+685318,5.12
ψ7Aur,065045.9,+414653,5.02
     ,064721.4,-375547,5.26
  Lyn,065305.1,+592655,5.33
     ,064857.8,-150841,5.39
     ,064652.8,-511557,5.40
     ,070004.0,+765839,4.55
  Gem,065133.0,+214540,5.27
κ CMa,064950.5,-323031,3.96
θ Gem,065247.3,+335740,3.60
     ,064954.6,-463653,5.14
     ,065052.4,-342202,4.99
α Pic,064811.4,-615629,3.27
τ Pup,064956.2,-503653,2.93
     ,064951.3,-533720,4.40
  Lyn,065716.5,+582521,4.35
  Gem,065438.7,+131040,4.65
  CMa,065332.9,-201327,4.83
     ,065424.6,-010737,5.45
θ CMa,065411.4,-120219,4.07
ο1CMa,065407.9,-241102,3.87
  Lyn,065737.1,+450539,4.90
π CMa,065537.4,-200811,4.68
μ CMa,065606.6,-140237,5.00
     ,065546.8,-225629,5.30
ι CMa,065608.2,-170315,4.37
ι Vol,065127.0,-705748,5.40
     ,065733.9,-243750,5.46
     ,065616.0,-484316,4.95
     ,074030.5,+870112,5.07
ε CMa,065837.5,-285820,1.50
     ,065825.1,-340642,5.06
ω Gem,070224.8,+241255,5.18
     ,070156.4,-054320,5.20
σ CMa,070143.1,-275605,3.47
  Mon,070254.8,-041421,4.99
     ,070338.0,+105706,5.13
ζ Gem,070406.5,+203413,3.79
     ,070051.5,-512409,5.14
ο2CMa,070301.5,-235000,3.02
γ CMa,070345.5,-153800,4.12
     ,065950.5,-675458,5.17
     ,070402.8,-422014,5.20
     ,070353.7,-493502,4.93
     ,070315.6,-591041,5.50
     ,070640.7,-111739,5.39
     ,070418.3,-564459,5.17
  Gem,070822.0,+155551,5.44
θ Men,065634.4,-792513,5.45
δ CMa,070823.5,-262336,1.84
  Aur,071139.3,+391914,4.90
τ Gem,071108.4,+301443,4.41
  Mon,071013.7,-041414,4.92
     ,070851.1,-393921,4.83
     ,071323.4,+512544,5.47
  Mon,071123.6,-001807,5.45
     ,071019.4,-272929,5.46
δ Mon,071151.9,-002934,4.15
  Lyn,071554.9,+593815,5.20
  Gem,071322.3,+160932,5.00
     ,071047.5,-485556,5.14
     ,071215.8,-402956,5.31
     ,071420.0,+030641,5.35
γ2Vol,070844.9,-702956,3.78
     ,071233.6,-464534,4.49
     ,073104.4,+822441,4.96
  CMa,071415.2,-262109,4.66
     ,071313.4,-451059,4.89
     ,071332.4,-443823,5.10
ω CMa,071448.7,-264622,3.85
     ,071831.9,+492754,5.05
     ,071521.0,-304111,5.36
     ,071614.5,-153509,5.46
     ,071438.2,-481618,4.76
λ Gem,071805.6,+163225,3.58
     ,071636.8,-231856,4.79
     ,071635.0,-275252,4.64
     ,071649.5,-363534,5.03
π Pup,071708.6,-370551,2.70
δ Gem,072007.4,+215856,3.53
  CMa,071840.3,-243332,4.98
τ CMa,071842.4,-245715,4.40
  Lyn,072252.1,+551653,5.45
     ,071851.2,-263509,5.28
     ,071818.4,-364403,4.66
     ,071838.2,-364434,5.11
     ,071833.6,-391237,5.25
  Aur,072202.6,+364538,5.13
  Gem,072156.8,+202637,5.10
     ,072058.2,-142136,5.45
δ Vol,071649.8,-675726,3.98
  Aur,072408.5,+404020,5.19
  Gem,072328.5,+250302,5.03
     ,072213.5,-190100,4.96
     ,072038.7,-520510,5.39
  Lyn,072642.8,+491241,4.64
     ,072300.6,-315526,5.43
  CMi,072458.2,+114011,5.30
ι Gem,072543.6,+274753,3.79
     ,072329.1,-275003,5.38
     ,072331.9,-321208,5.39
     ,072440.1,-161204,5.33
η CMa,072405.7,-291811,2.45
ε CMi,072538.9,+091634,4.99
     ,072443.8,-314832,5.35
β CMi,072709.0,+081722,2.90
  Gem,072744.4,+212642,5.22
  Lyn,072956.0,+494021,5.36
η CMi,072802.1,+065631,5.25
ρ Gem,072906.7,+314704,4.18
γ CMi,072809.8,+085532,4.32
  Gem,072920.4,+280705,5.05
  Gem,072948.7,+275458,5.01
     ,072621.9,-510106,5.10
  CMi,072947.8,+120024,4.54
     ,072951.4,-230128,4.85
     ,072905.7,-384844,5.43
     ,073148.4,+170510,5.42
σ Pup,072913.8,-431805,3.25
δ1CMi,073205.9,+015452,5.25
     ,073042.5,-305744,4.65
  Gem,073336.5,+154936,5.25
α Gem,073436.0,+315319,2.88
α Gem,073436.0,+315318,1.98
     ,073508.7,+305740,5.33
     ,073347.9,-143126,4.97
υ Gem,073555.3,+265345,4.06
     ,073403.2,-221746,4.45
     ,073522.8,-282210,4.64
  Mon,073716.7,-040640,5.13
ο Gem,073909.9,+343503,4.90
     ,073539.7,-523202,4.94
     ,073722.1,-345807,4.53
  Gem,073928.6,+174029,5.05
α CMi,073918.1,+051330,0.38
     ,073818.0,-252153,4.70
  Lyn,074300.4,+584237,4.99
     ,073849.3,-264806,4.50
     ,073849.8,-264813,4.62
     ,074023.2,-151549,4.94
     ,073927.4,-381830,4.84
     ,074404.2,+502602,5.27
α Mon,074114.8,-093304,3.93
σ Gem,074318.7,+285301,4.28
     ,074115.8,-383201,5.42
  Gem,074406.9,+254703,5.31
κ Gem,074426.8,+242353,3.57
β Gem,074518.9,+280134,1.14
  Pup,074332.4,-282440,4.59
  Pup,074348.5,-285717,3.96
     ,074257.2,-451024,5.06
     ,074639.3,+373103,5.18
     ,074341.9,-405602,5.17
  Gem,074607.4,+183036,4.88
  CMi,074616.2,+104606,5.30
π Gem,074730.3,+332456,5.14
     ,074602.2,-064621,5.49
  Pup,074556.9,-143350,5.04
     ,074515.3,-375807,3.61
     ,074535.0,-341023,5.37
ζ Vol,074149.2,-723622,3.95
  Pup,074756.7,-121135,5.48
ο Pup,074805.2,-255614,4.50
     ,074725.0,-383040,5.08
     ,074731.5,-463631,5.23
     ,074901.7,-245444,5.33
  Pup,074941.2,-171342,5.18
ξ Pup,074917.7,-245135,3.34
     ,074820.3,-470440,4.71
     ,074914.3,-462224,4.11
ζ CMi,075142.0,+014601,5.14
  Pup,075146.3,-135353,5.17
  Lyn,075442.7,+473353,5.45
φ Gem,075329.8,+264557,4.97
     ,080011.7,+735505,5.41
     ,075215.7,-344219,5.01
     ,075213.0,-403433,3.73
     ,080447.1,+792847,5.42
     ,075238.7,-385147,4.49
     ,075303.5,-362150,5.43
  Gem,075539.9,+195302,5.35
     ,075303.7,-493647,4.63
     ,075318.2,-480611,4.24
     ,075411.0,-355239,5.49
  Pup,075651.5,-225248,4.20
  CMi,075820.6,+021329,5.29
     ,075740.1,-302005,4.79
     ,075657.9,-433001,5.35
     ,075718.4,-440635,5.09
χ Car,075646.7,-525856,3.47
     ,075751.8,-453440,5.17
  Mon,075944.1,-034047,4.93
  Pup,075905.7,-231838,5.11
     ,075814.4,-491442,4.41
     ,075952.0,-182357,4.61
     ,075928.4,-391750,5.24
  Mon,080113.3,-012333,4.68
     ,080215.9,+022004,4.39
χ Gem,080331.1,+274739,4.94
     ,075937.6,-603513,5.17
     ,080020.0,-633403,4.82
  Cnc,080504.5,+130705,5.12
ζ Pup,080335.1,-400012,2.25
     ,080416.2,-324030,5.31
  Lyn,080827.4,+513024,4.84
μ2Cnc,080745.8,+213454,5.30
     ,081248.8,+682827,5.32
     ,080718.0,-203317,5.38
ρ Pup,080732.6,-241815,2.81
     ,080640.4,-451559,5.05
ζ Mon,080835.6,-025902,4.34
  Pup,080901.6,-191442,4.40
     ,080935.9,-440722,5.21
γ1Vel,080929.3,-472045,4.27
γ2Vel,080932.0,-472012,1.78
  Pup,081116.3,-125537,4.72
     ,081133.0,-074621,5.36
     ,080943.2,-475615,5.23
     ,080900.7,-611809,4.76
ε Vol,080755.8,-683702,4.35
     ,081121.5,-393707,4.45
     ,081125.9,-425914,4.75
  Pup,081320.0,-154718,4.99
     ,081329.6,-355359,4.78
     ,081358.4,-361921,5.08
     ,081402.9,-402053,4.44
     ,081336.2,-465931,5.13
β Cnc,081630.9,+091108,3.52
     ,081515.9,-625457,5.16
χ Cnc,082003.9,+271304,5.14
     ,081833.3,-363934,4.45
  Lyn,082250.1,+431117,4.25
     ,081818.9,-653648,5.07
     ,082123.0,-330316,4.83
     ,082121.0,-362904,5.20
     ,082231.6,-482925,4.82
κ1Vol,081949.0,-713054,5.37
     ,082554.8,+073352,5.13
ε Car,082230.8,-593035,1.86
     ,082539.6,-035423,3.90
     ,082503.7,-240246,5.28
α Cha,081831.6,-765511,4.07
  Cnc,082643.9,+123916,5.50
ο UMa,083015.9,+604305,3.36
     ,082551.9,-420912,5.47
     ,082531.0,-514341,5.17
η Vol,082204.4,-732400,5.29
θ Cha,082038.5,-772904,4.35
β Vol,082544.2,-660813,3.77
     ,082736.5,-530519,5.09
  UMa,083436.2,+650842,5.47
θ Cnc,083135.7,+180540,5.35
     ,082904.7,-475545,5.33
     ,082927.6,-444330,4.99
η Cnc,083242.5,+202628,5.33
     ,083130.9,-193439,5.42
π2UMa,084012.8,+641940,4.60
     ,083443.6,-495639,5.01
δ Hya,083739.4,+054213,4.16
     ,083519.6,-580033,4.86
     ,083515.4,-581330,5.26
σ Hya,083845.4,+032029,4.44
η Pyx,083752.2,-261518,5.27
  Lyn,084101.1,+455002,5.37
     ,083738.7,-425921,4.14
     ,083908.0,-223943,5.05
  Hya,084001.5,-122831,4.98
     ,083718.8,-625113,5.47
ζ Pyx,083942.5,-293340,4.89
β Pyx,084006.2,-351830,3.97
     ,084019.3,-401551,5.20
     ,083923.8,-532623,5.48
  Hya,084143.3,-155636,4.88
     ,083957.6,-530318,5.19
     ,084037.6,-463856,3.84
     ,084017.6,-525519,3.62
γ Cnc,084317.1,+212807,4.66
     ,084113.1,-471901,4.77
η Hya,084313.5,+032355,4.30
     ,084156.9,-452439,5.23
     ,084037.0,-594540,4.33
     ,084340.4,-071401,4.62
θ Vol,083905.2,-702313,5.20
δ Cnc,084441.1,+180915,3.94
     ,084225.5,-530650,4.86
α Pyx,084335.5,-331111,3.68
ι Cnc,084641.8,+284536,4.02
     ,084340.3,-494922,5.16
     ,084424.0,-423857,4.07
ε Hya,084646.6,+062508,3.38
  Hya,084622.5,-133252,4.32
δ Vel,084442.2,-544230,1.96
     ,084715.0,-015350,5.29
     ,084601.7,-460230,3.91
ρ Hya,084826.0,+055016,4.36
     ,084630.6,-455446,5.46
     ,084642.5,-564611,4.49
  Hya,084921.7,-032635,5.31
η Cha,084119.5,-785748,5.47
  Lyn,085156.8,+434336,5.15
     ,084951.5,-324650,5.21
     ,084939.2,-401914,5.48
γ Pyx,085031.9,-274236,4.01
     ,084947.7,-451829,4.93
     ,085033.5,-463145,5.10
  Cnc,085414.7,+303446,5.39
     ,085034.8,-664735,5.35
ρ2Cnc,085539.7,+275539,5.22
ζ Hya,085523.6,+055644,3.11
  Cnc,085555.6,+113734,5.41
     ,085350.7,-473115,5.33
σ2Cnc,085656.6,+325437,5.45
δ Pyx,085531.5,-274055,4.89
ο1Cnc,085714.9,+151922,5.20
ι UMa,085912.4,+480230,3.14
     ,085502.8,-603841,3.84
α Cnc,085829.2,+115128,4.25
     ,085619.4,-524325,4.69
σ3Cnc,085932.6,+322507,5.20
ρ UMa,090232.7,+673747,4.76
     ,090038.4,+414658,3.97
     ,085658.4,-591346,4.92
     ,085852.3,-471405,5.18
     ,090005.4,-411514,4.45
κ UMa,090337.5,+470924,3.60
ν Cnc,090244.3,+242710,5.45
     ,085924.1,-590501,5.16
     ,090144.6,-521118,5.23
σ1UMa,090823.6,+665224,5.14
     ,090631.8,+382708,4.56
ω Hya,090558.4,+050532,4.97
     ,090409.3,-470552,3.75
α Vol,090226.8,-662346,4.00
σ2UMa,091023.2,+670805,4.80
  UMa,090852.3,+513617,4.48
τ Cnc,090800.1,+293915,5.43
κ Cnc,090744.8,+104005,5.24
τ UMa,091055.1,+633049,4.67
ξ Cnc,090921.5,+220244,5.14
κ Pyx,090802.9,-255130,4.58
λ Vel,090759.8,-432557,2.21
  Hya,090935.5,-084716,5.46
     ,090538.3,-703220,4.71
     ,090508.8,-723610,4.48
  UMa,091420.6,+612524,5.13
  Lyn,091348.2,+431304,5.32
     ,091104.4,-445205,5.00
     ,091058.0,-585801,3.44
  UMa,091549.9,+564429,5.27
  UMa,091611.3,+540119,4.83
     ,091116.6,-621902,3.97
θ Hya,091421.9,+021851,3.88
π2Cnc,091513.8,+145629,5.34
     ,091424.5,-431339,5.25
ζ Oct,085641.1,-853947,5.42
     ,091418.0,-553411,5.27
  Hya,091641.7,-062111,5.24
     ,091536.7,-383412,4.94
  Hya,091641.3,-084441,5.47
     ,091545.1,-372448,4.62
β Car,091312.0,-694302,1.68
  Lyn,091850.7,+364809,3.82
     ,091623.1,-441557,5.12
     ,091657.2,-392405,5.33
     ,091612.2,-573229,4.34
     ,092143.3,+564157,5.47
ι Car,091705.4,-591631,2.25
     ,091805.8,-510304,5.26
α Lyn,092103.3,+342333,3.13
  Hya,091946.4,-115830,4.79
  Hya,092029.0,-093321,4.80
     ,091717.2,-684122,5.39
θ Pyx,092129.6,-255756,4.72
     ,091725.4,-745340,5.29
     ,092056.8,-622417,4.81
κ Leo,092439.3,+261056,4.46
λ Pyx,092312.3,-285002,4.69
κ Vel,092206.8,-550039,2.50
     ,092840.0,+453605,5.41
α Hya,092735.2,-083931,1.98
     ,092718.4,-222038,4.69
     ,092746.8,-060416,5.38
     ,093705.2,+811935,4.29
     ,092618.1,-532245,5.11
ω Leo,092827.5,+090324,5.41
  UMa,093131.7,+630343,3.67
τ1Hya,092908.9,-024608,4.60
ε Ant,092914.7,-355705,4.51
  LMi,093132.4,+350611,5.37
     ,092954.5,-263523,5.48
  UMa,093428.9,+694949,4.56
λ Leo,093143.2,+225805,4.31
θ UMa,093251.4,+514038,3.17
     ,092706.4,-713608,5.47
  Leo,093157.6,+094257,5.07
ξ Leo,093156.7,+111759,4.97
     ,093005.2,-513102,5.45
ψ Vel,093042.0,-402800,3.60
τ2Hya,093158.9,-011106,4.57
ι Cha,092409.1,-804713,5.36
  UMa,093449.5,+520305,4.50
  LMi,093413.4,+362351,4.55
     ,093113.3,-570204,3.13
     ,093219.3,-403858,5.35
     ,093312.5,-210657,5.01
     ,093503.8,+393717,4.81
  LMi,093539.6,+354837,5.41
     ,093344.5,-490018,5.12
     ,093408.8,-511519,5.01
     ,093136.3,-730451,5.47
     ,093426.7,-591346,4.08
  Leo,093712.7,+065009,5.00
  Lyn,093821.7,+401423,5.25
     ,093827.3,+043857,4.68
     ,093649.6,-492119,4.35
  UMa,094257.2,+721509,5.17
     ,093712.3,-534007,5.45
     ,093801.5,-431128,5.50
ι Hya,093951.4,-010834,3.91
κ Hya,094018.4,-141956,5.06
ο Leo,094109.0,+095332,3.52
     ,093921.0,-611941,4.52
     ,094117.0,-233530,4.77
ζ Cha,093353.2,-805629,5.11
     ,094214.4,-235456,4.94
     ,094042.5,-575901,5.32
ψ Leo,094343.9,+140118,5.35
     ,094631.7,+570741,5.20
θ Ant,094412.1,-274610,4.79
ε Leo,094551.1,+234627,2.98
     ,094835.4,+460116,5.09
     ,094514.8,-623028,3.69
υ UMa,095059.4,+590219,3.80
υ Car,094706.1,-650419,3.01
φ UMa,095206.4,+540352,4.59
     ,094957.1,-454358,5.08
  Leo,095153.0,+242343,5.32
ν Cha,094620.6,-764634,5.45
υ1Hya,095128.7,-145048,4.12
μ Leo,095245.8,+260025,3.88
γ Sex,095230.4,-080618,5.05
     ,095140.8,-463252,4.58
  UMa,095543.0,+494912,5.27
     ,095412.3,-255557,4.88
     ,095452.2,-190034,4.94
  LMi,095741.1,+410320,5.14
ν Leo,095813.4,+122641,5.26
     ,095951.7,+564843,5.48
φ Vel,095651.8,-543404,3.54
η Ant,095852.3,-355328,5.23
π Leo,100012.8,+080239,4.70
  LMi,100100.7,+315525,5.36
υ2Hya,100507.5,-130353,4.60
  LMi,100725.8,+351441,4.48
η Leo,100720.0,+164546,3.52
     ,100611.3,-472212,5.08
  Leo,100754.3,+095951,4.37
α Sex,100756.3,-002218,4.49
α Leo,100822.3,+115802,1.35
     ,100856.3,-514840,4.86
     ,101005.9,-124858,5.31
λ Hya,101035.3,-122115,3.61
     ,100842.6,-654855,5.28
     ,101322.8,-511400,5.28
     ,101444.2,-420719,3.85
  LMi,101614.4,+291838,5.35
     ,101330.6,-662223,5.16
ζ Leo,101641.4,+232502,3.44
λ UMa,101705.8,+425452,3.45
  Leo,101640.7,+134342,5.41
ω Car,101344.2,-700217,3.32
ε Sex,101737.8,-080408,5.24
     ,101807.6,-285931,5.34
     ,101705.0,-611956,3.40
  Leo,101944.1,+192815,4.79
γ1Leo,101958.3,+195030,2.61
γ2Leo,101958.6,+195026,3.80
     ,102941.5,+841508,5.50
     ,101936.8,-550146,4.57
μ UMa,102219.7,+412958,3.05
     ,102407.9,+653359,4.97
     ,102054.8,-560235,4.50
     ,102219.6,-413900,4.83
  LMi,102408.6,+334307,5.50
     ,103104.6,+823331,5.26
     ,102329.3,-380036,5.33
     ,102258.1,-665406,4.99
  LMi,102554.9,+334746,4.74
μ Hya,102605.4,-165011,3.81
β LMi,102753.0,+364226,4.21
     ,102423.7,-740154,4.00
α Ant,102709.1,-310404,4.25
     ,102724.4,-573820,4.66
  UMa,103037.6,+555850,4.84
     ,102752.7,-584422,3.82
δ Sex,102928.7,-024421,5.21
β Sex,103017.5,-003813,5.09
     ,102852.6,-641020,5.29
     ,103505.5,+754247,4.84
  Leo,103211.8,+140814,5.46
     ,103313.9,+402532,4.75
ρ Leo,103248.7,+091824,3.85
     ,103121.8,-534256,4.89
     ,103020.1,-715935,4.74
     ,103201.4,-614107,3.32
  UMa,103509.7,+570458,5.16
     ,103102.0,-731318,4.93
     ,103256.9,-470012,5.02
  Hya,103400.9,-234443,5.08
  Leo,103448.0,+065713,5.08
     ,103512.9,-393346,5.38
     ,103535.3,-573328,4.45
     ,103713.7,-272445,4.89
     ,103733.2,-132304,4.82
     ,103620.3,-593353,5.08
  LMi,103843.2,+315834,4.71
     ,103718.1,-481333,3.84
     ,103726.8,-584400,5.45
φ3Hya,103835.0,-165236,4.91
γ Cha,103528.1,-783628,4.11
     ,103845.1,-591059,4.66
  UMa,104156.6,+654259,5.12
     ,103918.4,-553612,4.28
     ,104304.1,+690434,5.00
     ,104332.9,+461214,5.18
  LMi,104325.0,+231118,5.08
     ,104214.0,-642759,4.82
     ,104240.6,-591257,5.38
θ Car,104257.4,-642340,2.76
     ,104332.1,-603400,4.57
  LMi,104551.9,+304056,5.24
     ,104406.9,-635740,4.82
  Leo,104624.5,+185329,5.49
  Leo,104625.3,+141141,5.48
     ,104652.0,-171748,5.42
μ Vel,104646.2,-492512,2.69
     ,104616.5,-643054,5.34
     ,104629.7,-641548,5.23
     ,104657.5,-564526,5.23
     ,104651.2,-642300,4.85
  Leo,104915.4,+103243,5.34
δ1Cha,104515.7,-802811,5.47
ν Hya,104937.5,-161137,3.11
δ2Cha,104546.8,-803225,4.45
  UMa,105334.5,+543506,5.10
  LMi,105318.7,+341254,3.83
ω UMa,105358.7,+431124,4.71
     ,105230.9,-571426,5.25
     ,105329.5,-200820,5.24
     ,105343.7,-020745,5.45
     ,105329.6,-585112,3.78
  UMa,105544.4,+333025,5.03
  Leo,105536.8,+244459,4.50
ι Ant,105643.1,-370816,4.60
  UMa,105928.0,+402549,5.05
     ,110014.7,+453134,5.47
α Crt,105946.5,-181756,4.08
  UMa,110050.4,+391244,5.08
  Leo,110033.6,+033703,4.84
     ,110009.3,-421333,4.39
  Leo,110044.8,+060605,4.99
β UMa,110150.5,+562257,2.37
  Leo,110149.7,-022905,4.74
  Leo,110219.8,+201047,4.42
α UMa,110343.7,+614503,1.79
     ,110314.9,-111813,5.50
χ Leo,110501.0,+072010,4.63
     ,110454.2,-354817,5.43
χ1Hya,110519.9,-271737,4.94
     ,110632.4,-622527,4.61
     ,110716.6,-423819,5.15
     ,110843.9,-280450,5.44
ψ UMa,110939.8,+442955,3.01
     ,110835.4,-585830,3.91
     ,110834.0,-615650,5.13
β Crt,111139.5,-224933,4.48
     ,111233.1,-490604,5.36
     ,111236.0,-601903,4.60
     ,111245.2,-641011,5.23
  Leo,111345.6,-000411,5.42
δ Leo,111406.5,+203125,2.56
θ Leo,111414.4,+152546,3.34
  Leo,111512.2,+230544,4.63
  Leo,111551.9,+131827,5.32
φ Leo,111639.7,-033906,4.47
  Leo,111717.4,+020038,5.18
ξ UMa,111810.9,+313145,4.87
ξ UMa,111811.0,+313145,4.41
ν UMa,111828.7,+330539,3.48
  UMa,111907.9,+381108,4.78
δ Crt,111920.5,-144643,3.56
σ Leo,112108.2,+060146,4.05
π Cen,112100.4,-542928,3.89
  UMa,112249.6,+432858,4.99
λ Crt,112321.9,-184648,5.09
     ,112312.7,-360953,5.00
ι Leo,112355.5,+103145,3.94
  Leo,112402.3,+012428,5.39
     ,112321.8,-645718,5.11
ε Crt,112436.6,-105134,4.83
γ Crt,112452.9,-174102,4.08
     ,112529.4,-360347,5.22
     ,112543.2,-635822,5.17
     ,112635.3,-610655,5.30
τ Leo,112756.2,+025122,4.95
  UMa,112904.2,+392013,5.31
     ,112835.1,-424027,5.08
  Leo,113018.9,-030013,4.77
λ Dra,113124.2,+691952,3.84
     ,113220.8,+610457,5.48
ο1Cen,113146.1,-592632,5.13
ο2Cen,113148.8,-593057,5.15
     ,113254.1,-310514,5.04
ξ Hya,113300.1,-315128,3.54
     ,113337.3,-403513,5.39
     ,113445.7,-541551,4.62
  Dra,113602.8,+691922,5.20
     ,113456.8,-490812,5.50
     ,113555.6,-473830,5.25
λ Cen,113546.8,-630111,3.13
θ Crt,113640.9,-094808,4.70
υ Leo,113656.9,-004926,4.30
     ,113700.6,-611700,5.15
     ,113733.9,-474450,5.44
ω Vir,113827.6,+080803,5.36
     ,113807.3,-614935,5.15
ι Crt,113840.1,-131207,5.48
     ,113929.4,-652352,5.17
ο Hya,114012.8,-344441,4.70
  Leo,114047.1,+212110,5.26
  UMa,114103.0,+341206,5.33
     ,114053.6,-620524,4.94
     ,114144.0,-322959,5.22
  Dra,114228.4,+664442,5.30
     ,114331.2,-622922,5.03
ζ Crt,114445.8,-182103,4.73
ξ Vir,114517.1,+081530,4.85
ν Vir,114551.6,+063146,4.03
χ UMa,114603.0,+474646,3.71
     ,114543.9,-454124,5.29
λ Mus,114536.4,-664343,3.64
     ,114655.6,+553742,5.27
     ,114630.8,-611042,4.11
     ,114631.1,-403002,4.91
     ,114719.1,-574147,5.41
  Leo,114759.1,+201308,4.53
  Vir,114754.9,+081445,5.32
μ Mus,114814.3,-664853,4.72
     ,114845.1,-264459,5.11
β Leo,114903.6,+143419,2.14
     ,114941.1,-634718,4.32
     ,114956.6,-701333,4.97
β Vir,115041.7,+014553,3.61
     ,115108.7,-451025,4.46
     ,115151.2,-651222,4.90
β Hya,115254.6,-335429,4.28
γ UMa,115349.8,+534141,2.44
     ,115442.5,-254250,5.30
η Crt,115600.9,-170903,5.18
     ,115815.2,-561902,5.44
ε Cha,115937.3,-781319,4.91
  Vir,115956.9,+033919,5.37
π Vir,120052.4,+063651,4.66
     ,120051.2,-193932,5.26
  UMa,120206.8,+430244,5.21
θ1Cru,120301.5,-631846,4.33
     ,120339.6,-422603,5.15
θ2Cru,120419.2,-630956,4.72
     ,120438.7,-681945,5.35
κ Cha,120446.5,-763109,5.04
ο Vir,120512.5,+084359,4.12
η Cru,120652.9,-643649,4.15
     ,120749.8,-752201,5.18
     ,120805.2,-503941,4.47
     ,120814.7,-484134,5.34
δ Cen,120821.5,-504321,2.60
α Crv,120824.8,-244344,4.02
     ,120854.5,-411353,5.48
ε Crv,121007.5,-223711,3.00
  Crv,121103.9,-233609,5.46
ρ Cen,121139.1,-522207,3.96
     ,121211.9,+773659,5.14
     ,121402.6,-454326,5.31
δ Cru,121508.7,-584456,2.80
δ UMa,121525.6,+570157,3.31
γ Crv,121548.4,-173231,2.59
  Com,121600.2,+145356,5.10
  Com,121620.5,+235643,4.95
     ,121630.1,+330341,5.00
ε Mus,121734.1,-675739,4.11
β Cha,121820.7,-791844,4.26
ζ Cru,121826.1,-640011,4.04
     ,121859.7,-550835,5.00
     ,121849.9,+750938,5.38
η Vir,121954.4,-004001,3.89
  CVn,121948.7,+485903,5.29
  Vir,122021.0,+031845,4.96
ζ Crv,122033.7,-221257,5.21
  Com,122043.0,+174734,4.74
     ,122055.7,-133356,5.14
ε Cru,122121.6,-602404,3.59
ζ2Mus,122207.3,-673119,5.15
     ,122249.3,-574034,5.39
  Com,122230.3,+255046,4.81
     ,122335.4,-352446,5.32
  CVn,122401.5,+513344,4.80
  Com,122418.5,+260555,5.18
  CVn,122550.9,+390107,5.02
     ,122630.9,-630721,4.86
α1Cru,122635.9,-630557,1.33
α2Cru,122636.5,-630558,1.73
     ,122631.6,-512703,4.82
  Com,122624.1,+271606,4.95
γ Com,122656.3,+281606,4.36
  Com,122659.3,+264932,5.00
     ,122728.7,-585931,5.50
σ Cen,122802.4,-501350,3.91
     ,122822.5,-390229,5.44
  Com,122854.7,+255446,5.29
  Com,122926.9,+240632,5.48
δ Crv,122951.9,-163056,2.95
  UMa,122957.3,+582421,5.35
γ Cru,123109.9,-570648,1.63
  Dra,123006.7,+691204,4.95
  Com,123100.6,+243402,5.46
     ,123140.3,-592526,5.48
γ Mus,123228.0,-720759,3.87
η Crv,123204.2,-161146,4.31
  Vir,123346.8,-092707,5.48
     ,123338.9,+331451,5.42
β CVn,123344.5,+412127,4.26
β Crv,123423.2,-232348,2.65
κ Dra,123329.0,+694718,3.87
  Com,123451.1,+223745,4.81
  Com,123507.8,+182237,5.02
     ,123545.5,-410119,5.13
  Dra,123444.0,+700119,4.94
α Mus,123711.0,-690808,2.69
     ,123623.3,+592913,5.50
τ Cen,123742.2,-483228,3.86
     ,123742.2,-270820,5.45
χ Vir,123914.8,-075944,4.66
  Com,123907.3,+210345,5.46
     ,123952.5,-395915,4.64
γ Cen,124131.0,-485735,2.17
     ,124156.6,-594109,4.93
γ Vir,124139.6,-012658,3.65
γ Vir,124139.6,-012658,3.68
ρ Vir,124153.1,+101408,4.88
     ,124250.3,-630331,5.31
     ,124235.4,-484847,4.66
     ,124400.5,-281926,5.48
ι Cru,124537.9,-605852,4.69
β Mus,124616.9,-680629,3.05
     ,124507.8,+452625,4.99
  Vir,124537.1,+074024,5.22
     ,124622.7,-562920,4.65
  Com,124638.7,+163439,5.12
β Cru,124743.2,-594119,1.25
  Dra,124734.4,+664725,5.43
ι Oct,125458.6,-850724,5.46
     ,125041.2,-335958,4.91
  Com,125141.9,+273226,4.94
     ,125306.9,-485636,4.33
     ,125326.2,-401044,4.27
     ,124913.6,+832446,5.28
  Com,125317.8,+211442,4.90
λ Cru,125439.2,-590848,4.62
μ1Cru,125435.6,-571040,4.03
μ2Cru,125436.8,-571006,5.17
ψ Vir,125421.2,-093220,4.79
ε UMa,125401.7,+555735,1.77
     ,125519.4,-425457,5.47
     ,125557.0,-565010,5.32
δ Vir,125536.2,+032351,3.38
     ,125704.4,-511155,5.16
α2CVn,125601.7,+381906,2.90
  Dra,125528.5,+652619,5.24
  Com,125855.4,+172434,4.78
δ Mus,130216.2,-713256,3.62
  Com,130016.5,+304706,4.90
  Dra,125955.1,+663550,5.32
  UMa,130043.8,+562159,4.93
ε Vir,130210.6,+105733,2.83
ξ1Cen,130333.2,-493138,4.85
     ,130616.7,-482749,4.71
ξ2Cen,130654.6,-495422,4.27
  CVn,130544.5,+354756,5.25
  Com,130710.7,+273729,4.80
  Vir,130753.8,-104425,5.19
ψ Hya,130903.3,-230705,4.95
θ Vir,130957.0,-053220,4.38
α Com,130959.3,+173146,5.22
α Com,130959.3,+173146,5.22
     ,131123.2,-432208,5.25
     ,131217.4,-595515,4.60
     ,131203.2,-374811,4.85
  Vir,131203.5,-161155,5.04
β Com,131152.4,+275241,4.26
     ,131414.8,-590612,4.92
η Mus,131514.9,-675340,4.80
  Vir,131410.9,-195551,5.33
     ,131343.0,+400910,4.92
  Vir,131558.8,-195635,5.22
     ,131713.0,-664701,4.87
     ,131653.1,-313022,5.10
  Vir,131646.5,+092527,5.22
     ,131715.6,+134032,5.33
σ Vir,131736.3,+052811,4.80
  CVn,131732.5,+403421,4.73
  Vir,131824.3,-181841,4.74
γ Hya,131855.3,-231018,3.00
  CVn,131814.5,+494055,5.15
     ,132037.8,-524453,5.48
ι Cen,132035.8,-364244,2.75
     ,132237.9,-605918,4.53
     ,132400.5,-643209,4.53
ι1Mus,132507.1,-745316,5.05
  Vir,132301.1,-174407,5.37
     ,132513.9,-642907,5.31
ζ UMa,132355.5,+545531,2.27
ζ UMa,132356.4,+545518,3.95
α Vir,132511.6,-110941,0.98
     ,132607.8,-394519,5.09
  UMa,132513.5,+545917,4.01
  Vir,132643.2,-124228,5.25
  Vir,132727.2,-155825,4.76
     ,132925.2,-510955,5.06
  Vir,132825.8,+134644,4.98
     ,132942.8,-231653,4.97
     ,132827.1,+595645,5.40
     ,133102.7,-392427,3.88
  Vir,133157.9,-061521,4.69
  Vir,133258.1,-100954,5.21
  Vir,133407.9,+033932,4.94
ζ Vir,133441.6,-003545,3.37
     ,133447.8,+371057,4.98
  CVn,133427.3,+490058,4.70
  CVn,133727.6,+361742,4.82
ε Cen,133953.2,-532759,2.30
     ,133711.0,+711432,5.50
     ,134201.1,-584714,5.38
     ,134144.7,-543336,5.01
  UMa,133930.4,+525517,5.46
  Vir,134136.8,-084211,5.01
  UMa,134044.3,+544054,4.66
  Vir,134303.7,+033217,5.36
  Cen,134541.2,-330238,4.23
     ,134639.3,-512558,4.65
     ,134656.4,-361507,5.15
     ,134738.4,-501916,5.45
  Vir,134725.4,-175136,5.43
τ Boo,134715.7,+172724,4.50
     ,134659.8,+383234,5.50
ν Cen,134930.3,-414116,3.41
η UMa,134732.4,+491848,1.86
  Cen,134926.7,-342703,4.19
μ Cen,134937.0,-422826,3.04
  Vir,134952.3,-180803,4.97
υ Boo,134928.6,+154752,4.07
  Boo,134942.8,+211551,4.91
     ,135204.8,-524842,5.25
  Cen,135149.6,-325940,4.56
     ,135147.5,+342639,4.74
  Cen,135312.5,-315540,4.73
  Dra,135125.9,+644324,4.65
ζ Cen,135532.4,-471718,2.55
  Vir,135442.1,-013011,5.15
η Boo,135441.1,+182352,2.68
     ,135738.9,-634112,4.71
  Boo,135634.2,+272931,5.01
φ Cen,135816.3,-420603,3.83
υ1Cen,135840.8,-444813,3.87
  Hya,135831.1,-245820,5.15
υ2Cen,140143.4,-453613,4.34
θ Aps,140519.8,-764748,5.50
τ Vir,140138.8,+013240,4.26
     ,140222.8,-272548,5.48
β Cen,140349.4,-602223,0.61
χ Cen,140602.8,-411047,4.36
π Hya,140622.3,-264057,3.27
θ Cen,140641.0,-362212,2.06
  Vir,140642.8,-091848,5.46
α Dra,140423.3,+642233,3.65
     ,140954.8,-532621,4.75
     ,140755.8,+435116,5.27
  Boo,140817.3,+492729,5.25
     ,141050.5,-161807,4.91
η Aps,141813.8,-810028,4.91
  Boo,141023.9,+250530,4.83
  Hya,141246.0,-271540,5.08
     ,141215.8,+022434,5.01
κ Vir,141253.8,-101625,4.19
     ,141457.0,-570509,5.07
  UMi,140850.9,+773251,4.82
κ2Boo,141329.0,+514725,4.54
  Boo,141450.8,+100602,5.29
     ,141524.1,-181203,5.43
     ,141204.0,+692557,5.24
ε Aps,142222.7,-800632,5.06
ι Vir,141600.9,-060002,4.08
δ Oct,142654.9,-834004,4.32
α Boo,141539.7,+191057,-0.04
     ,141951.5,-611623,5.23
ι Boo,141609.9,+512202,4.75
λ Boo,141623.0,+460518,4.18
ι Lup,141924.2,-460328,3.55
     ,142019.5,-562312,4.33
λ Vir,141906.6,-132216,4.52
     ,141759.8,+353034,4.81
     ,142042.5,-451114,4.77
  Boo,141916.3,+130015,5.41
υ Vir,141932.5,-021556,5.14
ψ Cen,142033.4,-375307,4.05
  Boo,141945.2,+161825,4.86
     ,142237.0,-582734,4.92
     ,142302.2,-393044,4.42
  Hya,142305.8,-274514,4.77
     ,142322.7,+082648,5.12
     ,142448.6,-244823,5.32
     ,142411.3,+054912,5.10
τ1Lup,142608.2,-451317,4.56
τ2Lup,142610.8,-452246,4.35
θ Boo,142511.8,+515103,4.05
  Boo,142627.4,+191337,5.39
  Hya,142810.4,-292930,4.97
φ Vir,142812.1,-021341,4.81
  Vir,142841.7,-065402,5.42
     ,143008.6,-451918,5.50
     ,143020.9,-493109,5.37
σ Lup,143236.9,-502725,4.42
ρ Boo,143149.8,+302217,3.58
  UMi,142731.5,+754146,4.25
γ Boo,143204.7,+381830,3.03
η Cen,143530.4,-420928,2.31
σ Boo,143440.8,+294442,4.46
     ,143720.1,-460802,5.41
ρ Lup,143753.2,-492533,4.05
α1Cen,143935.9,-605007,-0.01
α2Cen,143936.1,-605008,1.33
α Cir,144230.4,-645831,3.19
  Boo,143850.2,+442416,5.39
α Lup,144155.8,-472318,2.30
α Aps,144751.6,-790241,3.83
     ,144157.6,-374737,4.00
π1Boo,144043.6,+162506,4.94
ζ Boo,144108.9,+134342,4.83
ζ Boo,144108.9,+134342,4.43
  Boo,144138.8,+080942,4.86
     ,144517.3,-625233,5.36
     ,144339.4,-351025,4.05
μ Vir,144303.6,-053930,3.88
     ,144459.2,-351131,4.92
  Boo,144325.4,+263140,4.81
     ,144701.3,-522301,5.21
  Hya,144600.1,-252635,4.94
ο Boo,144514.5,+165752,4.60
ε Boo,144459.2,+270430,5.12
ε Boo,144459.2,+270427,2.70
  Vir,144614.9,+015334,3.72
  Hya,144744.8,-260515,5.24
μ Lib,144919.1,-140856,5.31
  Hya,145017.3,-275737,4.41
ο Lup,145138.4,-433432,4.32
α1Lib,145041.2,-155950,5.15
α2Lib,145052.7,-160230,2.75
  Lib,145101.0,-021757,4.94
     ,145752.9,-763946,5.34
     ,145029.6,+371619,5.48
     ,145251.1,-374812,5.03
ξ Boo,145123.3,+190604,4.55
     ,145534.6,-600651,5.20
  Lib,145420.1,-243832,5.30
θ Cir,145644.0,-624651,5.11
     ,145126.4,+591738,5.46
     ,145617.3,-524835,5.38
     ,145544.7,-335121,5.32
β UMi,145042.3,+740920,2.08
ξ2Lib,145646.1,-112435,5.46
  Lib,145711.0,-042047,4.49
β Lup,145831.9,-430802,2.68
κ Cen,145909.7,-420615,3.13
δ Lib,150058.4,-083108,4.92
     ,145735.0,+655557,4.60
η Cir,150448.2,-640154,5.17
     ,150259.3,-323836,5.44
ω Boo,150206.5,+250029,4.81
  Vir,150254.0,+020529,4.40
β Boo,150156.8,+402326,3.50
σ Lib,150404.2,-251655,3.29
π Lup,150507.2,-470304,4.72
π Lup,150507.2,-470304,4.82
     ,150519.1,-410402,5.15
ψ Boo,150426.7,+265651,4.54
  Boo,150347.4,+473916,4.76
ν Lib,150637.6,-161525,5.20
λ Lup,150850.6,-451647,4.05
  Boo,150718.1,+245209,4.93
     ,150616.7,+543323,5.25
κ1Lup,151156.1,-484416,3.87
ζ Lup,151217.1,-520557,3.41
     ,151249.5,-443002,4.82
ι1Lib,151213.3,-194730,4.54
  Lup,151437.3,-313109,4.91
δ Cir,151656.7,-605727,5.09
ε Cir,151738.9,-633638,4.86
     ,151604.0,-412928,5.16
β Cir,151730.8,-584804,4.07
γ TrA,151854.6,-684046,2.89
  Ser,151511.4,+045622,5.33
χ Boo,151429.2,+290951,5.26
     ,151623.0,-222358,5.50
     ,151848.9,-602947,5.46
δ Boo,151530.2,+331853,3.47
μ Lup,151832.0,-475230,4.27
β Lib,151700.4,-092259,2.61
  Lup,151749.9,-300856,4.34
     ,151438.3,+672048,5.13
  Ser,151918.8,+014555,5.06
δ Lup,152122.3,-403851,3.22
ν1Lup,152208.3,-475540,5.00
γ Cir,152322.7,-591915,4.51
φ1Lup,152148.4,-361541,3.56
ε Lup,152240.9,-444122,3.37
  Ser,152102.0,+004255,5.35
φ2Lup,152309.4,-365131,4.54
  UMi,151705.9,+714926,5.02
  Boo,152148.6,+325602,5.37
υ Lup,152444.9,-394237,5.37
ε Lib,152411.9,-101920,4.94
     ,152520.2,-384401,4.60
     ,152237.4,+393453,5.50
κ1Aps,153130.8,-732322,5.49
μ1Boo,152429.4,+372238,4.31
γ UMi,152043.7,+715002,3.05
     ,152718.2,-364604,5.45
τ1Ser,152547.4,+152541,5.17
     ,152617.4,+342009,5.46
     ,152924.3,-464358,5.24
ι Dra,152455.8,+585758,3.29
  Ser,152838.2,+015032,5.17
β CrB,152749.7,+290621,3.68
ν1Boo,153055.8,+404959,5.02
ζ4Lib,153255.2,-165110,5.50
ε TrA,153643.2,-661901,4.11
ν2Boo,153147.0,+405358,5.02
  Lib,153437.3,-280249,5.15
γ Lup,153508.5,-411001,2.78
  Lib,153410.7,-100352,4.62
θ CrB,153255.8,+312133,4.14
     ,153426.6,-091100,5.17
     ,153553.2,-445731,4.54
     ,153612.1,-442349,5.43
γ Lib,153531.6,-144722,3.91
δ Ser,153448.1,+103215,3.80
δ Ser,153448.1,+103221,3.80
α CrB,153441.3,+264253,2.23
υ Lib,153701.5,-280806,3.58
ω Lup,153803.2,-423403,4.33
     ,153849.5,-522222,5.44
μ CrB,153515.0,+390036,5.11
  Ser,153629.6,+100036,5.26
τ Lib,153839.4,-294640,3.66
  Lib,153854.5,-191807,5.38
ψ1Lup,153946.0,-342443,4.67
φ Boo,153749.6,+402112,5.24
  Lib,154016.9,-234905,4.96
     ,154111.3,-443940,4.64
θ UMi,153124.9,+772058,4.96
ζ2CrB,153922.7,+363809,5.07
     ,154238.3,-372530,5.24
κ Lib,154156.8,-194044,4.74
ψ2Lup,154241.0,-344238,4.75
ι Ser,154133.1,+194013,4.52
χ Ser,154147.4,+125051,5.33
η Lib,154404.4,-154022,5.41
γ CrB,154244.6,+261744,3.84
α Ser,154416.1,+062532,2.65
  Ser,154605.6,-014816,5.40
β Ser,154611.3,+152519,3.67
λ Ser,154626.6,+072111,4.43
κ Ser,154844.4,+180830,4.09
μ Ser,154937.2,-032549,3.53
χ Lup,155057.5,-333738,3.95
  Sco,155058.7,-254505,4.64
     ,154640.0,+623558,5.19
ω Ser,155017.5,+021147,5.23
δ CrB,154935.7,+260406,4.63
κ TrA,155529.6,-683611,5.09
ε Ser,155049.0,+042840,3.71
     ,155041.7,+150801,5.20
  Ser,155115.6,-030526,5.11
β TrA,155508.5,-632550,2.85
ρ Ser,155115.9,+205840,4.76
κ CrB,155113.9,+353927,4.82
λ Lib,155320.1,-201002,5.03
ζ UMi,154403.5,+774740,4.32
  Sco,155336.7,-251938,4.59
     ,155353.8,-243159,5.39
     ,155355.8,-235841,5.42
θ Lib,155349.5,-164346,4.15
χ Her,155240.5,+422706,4.62
     ,155434.6,+201839,5.44
ξ1Lup,155653.5,-335759,5.12
ρ Sco,155653.1,-291251,3.88
  Her,155437.9,+430819,5.37
γ Ser,155627.2,+153942,3.85
λ CrB,155547.6,+375649,5.45
  Lib,155811.4,-141646,4.88
     ,155834.8,-244953,5.43
     ,155930.3,-414440,4.99
π Sco,155851.1,-260651,2.89
ε CrB,155735.3,+265240,4.15
η Lup,160007.3,-382349,3.41
δ Sco,160020.0,-223718,2.32
  Lib,160019.6,-163200,5.47
     ,155930.2,+255513,2.00
     ,155747.4,+544459,4.95
ι1Nor,160331.9,-574631,4.63
η Nor,160312.9,-491347,4.65
  Her,160114.3,+174906,5.12
     ,160324.2,-383609,4.89
ρ CrB,160102.7,+331813,5.41
     ,160320.6,-255155,5.00
ι CrB,160126.6,+295104,4.99
π Ser,160217.7,+224816,4.83
ξ Sco,160422.1,-112223,5.07
ξ Sco,160422.1,-112223,4.77
δ Nor,160629.4,-451024,4.72
υ Her,160247.9,+460212,4.76
β1Sco,160526.2,-194820,2.62
β2Sco,160526.5,-194807,4.92
θ Dra,160153.3,+583355,4.01
θ Lup,160635.5,-364808,4.23
ω1Sco,160648.4,-204009,3.96
ω2Sco,160724.3,-205207,4.32
     ,160807.6,-261936,5.38
κ Her,160804.5,+170249,5.00
     ,160950.5,-032801,5.37
     ,161102.0,-292459,5.13
τ CrB,160858.3,+362927,4.76
δ1Aps,162020.8,-784145,4.68
δ2Aps,162026.8,-784002,5.27
φ Her,160846.2,+445606,4.26
κ Nor,161328.7,-543750,4.94
     ,160619.7,+674837,5.44
ν Sco,161159.7,-192738,4.01
  Sco,161218.2,-275535,4.59
δ TrA,161526.3,-634108,3.85
ψ Sco,161200.0,-100351,4.94
  Sco,161207.3,-083251,5.43
θ Nor,161515.3,-472220,5.14
  Her,161315.4,+050116,5.48
χ Sco,161350.9,-115015,5.22
     ,161643.1,-534840,5.44
δ Oph,161420.7,-034140,2.74
γ1Nor,161700.9,-500406,4.99
  Sco,161537.3,-082210,5.50
     ,161817.9,-283650,4.78
λ Nor,161917.7,-424026,5.45
γ2Nor,161950.4,-500920,4.02
ε Oph,161819.3,-044133,3.24
     ,161932.7,-305424,5.49
  UMi,161049.5,+755239,5.48
ο Sco,162038.2,-241010,4.55
     ,162228.0,-493420,5.33
σ Sco,162111.3,-253534,2.89
     ,161715.3,+594518,5.40
     ,161955.1,+394231,5.46
τ Her,161944.4,+461848,3.89
σ Ser,162204.4,+010145,4.82
     ,162401.3,-391135,5.40
γ Her,162155.2,+190911,3.75
ζ TrA,162828.1,-700504,4.91
     ,162431.7,-373357,5.42
γ Aps,163327.0,-785350,3.89
ξ CrB,162205.8,+305331,4.85
ψ Oph,162406.2,-200215,4.50
ν1CrB,162221.4,+334757,5.20
ν2CrB,162229.2,+334213,5.39
ι TrA,162757.3,-640329,5.27
ρ Oph,162535.2,-232650,5.02
ε Nor,162711.1,-473318,4.47
η UMi,161730.3,+754519,4.95
ω Her,162525.0,+140200,4.57
χ Oph,162701.4,-182723,4.42
     ,163049.4,-613801,5.20
     ,162148.7,+690634,5.25
     ,162743.5,-073553,5.23
υ Oph,162748.1,-082218,4.63
     ,162942.3,-461436,5.35
η Dra,162359.5,+613051,2.74
α Sco,162924.4,-262555,0.96
     ,163419.3,-705917,5.50
     ,162834.0,+003954,5.39
  Sco,163012.4,-250654,4.79
     ,163141.7,-414901,5.33
     ,163122.9,-344216,4.23
  Her,162838.5,+415254,5.04
φ Oph,163108.3,-163646,4.28
β Her,163013.2,+212923,2.77
λ Oph,163054.8,+015902,3.82
     ,163033.6,+202845,5.25
ω Oph,163208.2,-212759,4.45
μ Nor,163405.0,-440243,4.94
  Her,163236.3,+112917,4.84
  Dra,162759.0,+684605,5.00
β Aps,164304.6,-773103,4.24
     ,163622.5,-425132,5.47
τ Sco,163553.0,-281258,2.82
     ,163622.5,-351520,4.16
σ Her,163406.2,+422613,4.20
ζ Oph,163709.5,-103402,2.56
  Dra,163613.7,+525528,5.08
     ,164134.4,-174432,4.96
     ,163800.4,+560056,5.29
  Her,163844.9,+485542,4.90
     ,164640.0,-670635,5.13
ζ Her,164117.2,+313611,2.81
α TrA,164839.9,-690140,1.92
η Her,164253.8,+385520,3.53
     ,164647.8,-392238,5.48
  Dra,164055.1,+643521,4.83
  Her,164549.9,+083457,5.15
η Ara,164947.1,-590229,3.76
  Her,164746.4,+051448,5.24
     ,164517.8,+564655,4.85
ε Sco,165009.8,-341736,2.29
  Oph,164950.0,-104659,4.65
     ,165133.7,-411350,5.22
μ1Sco,165152.2,-380251,3.08
  Her,165019.4,+071452,5.49
μ2Sco,165220.1,-380103,3.57
  Her,164914.2,+455900,4.82
     ,165401.8,-414823,5.45
ζ1Sco,165359.7,-422144,4.73
  Her,165145.3,+243923,5.04
ζ2Sco,165435.0,-422141,3.62
  Her,165258.1,+314206,5.32
  Oph,165435.7,-060914,5.25
ι Oph,165400.5,+100955,4.38
ζ Ara,165837.2,-555925,3.13
     ,165455.2,+205731,5.41
  Sco,165711.1,-331534,5.48
  Her,165522.2,+182600,5.35
ε1Ara,165935.1,-530938,4.06
κ Oph,165740.1,+092230,3.20
ε2Ara,170308.8,-531413,5.29
  Dra,165601.7,+650805,4.89
     ,170152.7,-320837,5.03
  Oph,170103.6,-041321,4.82
ε UMi,164558.1,+820214,4.23
ε Her,170017.4,+305535,3.92
  Her,170136.4,+333406,5.25
     ,170449.4,-340722,4.87
     ,170307.8,+140531,4.98
  Her,170522.7,+124427,4.91
     ,171042.3,-443327,5.08
     ,170802.0,+355607,5.39
η Oph,171022.7,-154329,2.43
η Sco,171209.2,-431421,3.33
     ,170933.3,+404638,5.08
  Oph,171227.8,+103507,5.33
ζ Dra,170847.2,+654253,3.17
  Oph,171521.0,-263610,5.11
  Oph,171520.8,-263605,5.07
α1Her,171438.9,+142325,3.48
α2Her,171439.2,+142324,5.39
δ Her,171501.9,+245021,3.14
ι Aps,172205.9,-700724,5.41
  Oph,171636.7,-002643,4.73
     ,171903.2,-463802,5.48
ζ Aps,172159.4,-674614,4.78
π Her,171502.8,+364833,3.16
ο Oph,171800.7,-241713,5.20
  Her,171719.5,+330600,4.82
     ,171837.0,+105152,5.03
  Her,171740.3,+371730,4.65
ξ Oph,172100.2,-210646,4.39
ν Ser,172049.7,-125049,4.33
ι Ara,172316.1,-472806,5.25
     ,172018.9,+180326,5.00
θ Oph,172200.6,-245958,3.27
     ,172009.8,+253215,5.38
  Her,172054.2,+242958,5.12
  Her,172039.6,+322804,5.39
  Oph,172321.6,-280835,5.35
     ,172413.0,-440945,5.12
β Ara,172518.0,-553148,2.85
γ Ara,172523.6,-562239,3.34
κ Ara,172600.0,-503801,5.23
     ,172651.5,-455037,5.29
ρ Her,172340.7,+370848,5.47
ρ Her,172341.0,+370845,4.52
  Oph,172622.2,-241031,4.17
  Oph,172721.3,-295201,4.29
     ,172637.9,-050512,4.54
σ Oph,172630.9,+040825,4.34
δ Ara,173105.9,-604102,3.62
     ,172849.7,+001950,5.44
υ Sco,173045.8,-371745,2.69
α Ara,173150.5,-495234,2.95
     ,173023.8,-010345,5.31
  Oph,173125.0,-235746,4.81
λ Her,173044.3,+260638,4.41
λ Sco,173336.5,-370614,1.63
β Dra,173026.0,+521805,2.79
σ Ara,173539.6,-463020,4.59
     ,173632.8,-383807,4.29
π Ara,173805.6,-543001,5.25
θ Sco,173719.2,-425952,1.87
ν1Dra,173210.6,+551103,4.88
ν2Dra,173216.0,+551023,4.87
α Oph,173456.1,+123336,2.08
ξ Ser,173735.2,-152355,3.54
  Dra,173157.9,+680806,5.05
μ Oph,173750.7,-080708,4.62
λ Ara,174023.6,-492456,4.77
  Dra,173459.5,+615230,5.23
  Her,173637.6,+483508,5.37
κ Sco,174229.3,-390148,2.41
ο Ser,174124.9,-125231,4.26
η Pav,174544.0,-644326,3.62
μ Ara,174408.7,-515003,5.15
ι Her,173927.9,+460023,3.80
  Oph,174325.8,-214100,4.87
ω Dra,173657.1,+684529,4.80
β Oph,174328.4,+043402,2.77
ι1Sco,174735.1,-400737,3.03
  Sgr,174733.6,-274951,4.54
μ Her,174627.5,+274314,3.42
     ,174910.5,-314212,4.83
γ Oph,174753.6,+024226,3.75
     ,174951.5,-370236,3.21
ι2Sco,175011.2,-400526,4.81
ψ1Dra,174156.3,+720856,4.58
  Her,174849.2,+253722,5.12
     ,175022.9,+291920,5.50
  Dra,174904.3,+504652,5.02
     ,175647.4,-442032,4.86
  Her,175318.1,+400029,5.16
     ,175747.7,-414258,4.88
  Her,175525.2,+260300,5.46
     ,175647.7,-040455,5.47
ξ Dra,175331.7,+565222,3.75
     ,175905.2,-301511,5.16
θ Her,175615.2,+371502,3.86
ν Oph,175901.6,-094625,3.34
  Sgr,175947.6,-234858,4.76
  Dra,174927.0,+765746,5.04
ξ Her,175745.9,+291452,3.70
γ Dra,175636.4,+512920,2.23
ν Her,175830.2,+301122,4.41
ζ Ser,180029.0,-034125,4.62
  Oph,180015.8,+042207,4.64
  Her,180003.4,+164503,4.67
  Oph,180038.7,+025554,3.97
χ Oct,185446.9,-873621,5.28
  Oph,180145.2,+011819,4.45
  Sgr,180251.1,-241656,5.34
ψ2Dra,175511.2,+720018,5.45
  Her,180129.9,+213543,5.18
  Her,180130.4,+213544,4.96
τ Oph,180304.9,-081050,5.24
  Her,180223.1,+205001,5.28
γ1Sgr,180501.3,-293448,4.69
θ Ara,180637.9,-500530,3.66
π Pav,180834.8,-634006,4.35
γ2Sgr,180548.5,-302527,2.99
  Oph,180527.3,+022958,4.03
ι Pav,181026.1,-620008,5.49
  Her,180601.9,+221308,5.06
     ,180805.0,-282726,4.57
  Oph,180718.4,+084402,4.64
  Oph,180721.0,+093350,3.73
  Her,180701.5,+303343,5.04
ο Her,180732.6,+284545,3.83
ε Tel,181113.8,-455716,4.53
  Her,180845.5,+204852,4.36
δ UMi,173212.9,+863511,4.36
     ,180728.8,+432742,5.00
     ,180802.2,+362405,5.48
  Her,180852.9,+200243,5.10
  Sgr,181143.4,-234204,4.98
     ,181312.6,-412010,5.47
μ Sgr,181345.8,-210332,3.86
  Her,181154.2,+312419,4.97
  Sgr,181415.9,-214247,5.44
     ,181552.7,-441224,5.46
     ,181707.5,-560124,5.33
  Sgr,181512.9,-204342,5.38
φ Oct,182336.1,-750239,5.47
η Sgr,181737.6,-364542,3.11
     ,181803.2,-270233,4.65
  Dra,181353.8,+642350,5.03
ξ Pav,182313.6,-612938,4.36
     ,181909.5,+071535,5.39
     ,182008.8,-154954,5.39
δ Sgr,182059.7,-294941,2.70
  Her,181910.7,+242646,5.27
     ,182218.6,-383925,5.10
  Oph,182052.1,+032238,4.86
  Her,182017.9,+215741,4.95
η Ser,182118.6,-025356,3.26
     ,182253.1,-364010,5.34
κ Lyr,181951.7,+360352,4.33
     ,182418.2,-440637,5.25
  Her,182101.0,+285212,5.12
ε Sgr,182410.3,-342305,1.85
     ,182208.7,+231707,5.41
ζ Sct,182339.5,-085603,4.68
     ,182249.0,+174936,5.25
     ,182132.7,+490718,5.05
     ,182653.9,-480701,5.46
  Her,182341.9,+214611,3.84
  Sgr,182521.0,-203230,4.81
α Tel,182658.4,-455806,3.51
μ Lyr,182413.8,+393026,5.12
ζ Tel,182849.9,-490415,4.13
λ Sgr,182758.2,-252518,2.81
ν Pav,183122.4,-621642,4.64
  Ser,182712.5,+001146,5.21
φ Dra,182045.5,+712016,4.22
  Dra,182354.5,+584802,4.98
χ Dra,182103.4,+724358,3.57
γ Sct,182911.9,-143357,4.70
δ1Tel,183145.4,-455454,4.96
  Ser,182941.0,-015907,5.39
     ,183104.8,-325921,5.34
δ2Tel,183202.0,-454526,5.07
     ,183221.4,-394214,5.16
     ,183126.3,-182410,5.14
  Dra,182559.1,+653349,4.82
θ CrA,183330.2,-421845,4.64
     ,183243.3,-145156,5.50
     ,183357.8,-330100,5.28
  Sgr,183353.5,-240157,5.49
     ,183249.9,+303315,5.48
     ,183502.4,-105838,5.14
α Sct,183512.4,-081439,3.85
  Dra,183234.5,+570244,4.77
ζ Pav,184302.1,-712541,4.01
     ,183356.7,+522113,5.36
     ,183627.8,+090721,5.39
     ,183639.1,+064019,5.45
     ,183935.0,-431110,5.37
     ,183637.2,+332808,5.42
α Lyr,183656.3,+384701,0.03
     ,184526.9,-645217,4.79
δ Sct,184216.4,-090309,4.72
λ CrA,184346.9,-381925,5.13
     ,184419.4,-353831,4.87
     ,184457.2,-394111,5.43
ε Sct,184331.3,-081631,4.90
φ Sgr,184539.4,-265927,3.17
  Aql,184449.9,+020336,5.02
  Sgr,184620.6,-222332,5.37
  Dra,184237.9,+553222,5.04
μ CrA,184744.6,-402422,5.24
ε1Lyr,184420.4,+394012,5.06
ε2Lyr,184422.9,+393647,5.14
ε2Lyr,184422.9,+393646,5.37
ζ1Lyr,184446.4,+373618,4.36
  Her,184539.7,+203247,4.19
η1CrA,184850.5,-434048,5.49
β Sct,184710.5,-044452,4.22
     ,184604.5,+263944,4.83
     ,184729.0,-054218,5.20
  Her,184701.3,+181053,4.36
λ Pav,185213.0,-621115,4.22
  Sgr,184940.1,-201929,5.24
κ Tel,185239.6,-520627,5.17
ν2Lyr,184952.9,+323303,5.25
β Lyr,185004.8,+332146,3.45
κ Pav,185657.0,-671401,4.44
  Her,185216.4,+212531,5.48
ν1Sgr,185410.2,-224442,4.83
     ,184546.7,+740508,5.27
     ,185443.1,-153611,5.10
ν2Sgr,185507.1,-224017,4.99
σ Sgr,185515.9,-261748,2.02
     ,185616.9,-424238,5.36
  Dra,184622.2,+752602,5.35
ο Dra,185112.1,+592318,4.66
ω Pav,185836.4,-601202,5.14
     ,185640.5,-372036,5.38
  Her,185444.9,+223842,4.59
λ Tel,185827.7,-525619,4.87
     ,185313.6,+504230,4.92
δ2Lyr,185430.2,+365356,4.30
θ1Ser,185613.2,+041213,4.62
θ2Ser,185614.6,+041207,4.98
ξ1Sgr,185720.5,-203923,5.08
     ,185452.2,+413610,5.44
η Sct,185703.7,-055046,4.83
ξ2Sgr,185743.8,-210624,3.51
ε CrA,185843.4,-370627,4.87
  Lyr,185520.1,+435646,4.04
     ,185701.6,+325405,5.22
     ,185814.7,+172139,5.38
  Aql,185905.7,+133721,5.23
ε Aql,185937.4,+150406,4.02
γ Lyr,185856.6,+324122,3.24
υ Dra,185423.9,+711750,4.82
     ,185945.5,+261350,5.27
ζ CrA,190306.9,-420543,4.75
λ Lyr,190000.9,+320844,4.93
  Aql,190140.8,-054420,4.02
ζ Sgr,190236.7,-295249,2.60
  Aql,190254.5,-034156,5.42
     ,190013.7,+503201,5.38
     ,190425.1,-310249,5.50
ρ Tel,190619.9,-522027,5.16
  Lyr,190126.4,+465605,5.01
ο Sgr,190441.0,-214430,3.77
  Dra,190043.4,+553930,5.48
     ,190952.7,-682529,5.33
  Aql,190457.6,-040153,5.42
γ CrA,190625.1,-370348,4.93
γ CrA,190625.1,-370348,4.99
σ Oct,210846.2,-885723,5.47
τ Sgr,190656.4,-274014,3.32
ζ Aql,190524.6,+135148,2.99
λ Aql,190614.9,-045257,3.44
δ CrA,190820.9,-402948,4.59
  Aql,190658.6,+110417,5.09
  Dra,190455.2,+532348,5.38
α CrA,190928.3,-375416,4.11
β CrA,191001.7,-392027,4.11
  Lyr,190725.6,+323006,5.23
ι Lyr,190718.1,+360601,5.28
π Sgr,190945.8,-210125,2.89
  Aql,190859.9,+060424,5.22
  Aql,191240.7,-075622,5.34
  Aql,191342.7,+021737,5.15
     ,191621.7,-452759,5.40
ψ Sgr,191532.4,-251524,4.85
  Dra,191140.5,+565133,5.12
η Lyr,191345.5,+390846,4.39
  Sgr,191738.1,-185711,4.96
  Vul,191613.0,+212325,4.77
  Dra,191355.2,+574218,4.99
δ Dra,191233.3,+673942,3.07
  Dra,190909.8,+763338,5.13
θ Lyr,191622.1,+380801,4.36
ω1Aql,191749.0,+113543,5.28
  Vul,191743.6,+230132,5.43
  Aql,191832.5,+010507,5.10
κ Cyg,191706.2,+532207,3.77
η Tel,192251.1,-542525,5.05
  Aql,192032.9,-052457,5.01
  Aql,192035.7,-005332,5.49
β1Sgr,192238.3,-442732,4.01
ρ1Sgr,192140.4,-175050,3.93
υ Sgr,192143.6,-155718,4.61
β2Sgr,192313.2,-444759,4.29
α Sgr,192353.2,-403658,3.97
τ Dra,191533.0,+732120,4.45
  Vul,192250.9,+261545,5.18
χ1Sgr,192516.5,-243031,5.03
χ3Sgr,192529.7,-235744,5.43
π Dra,192040.1,+654253,4.59
  Cyg,192407.6,+293717,4.97
  Aql,192458.2,+115640,5.16
δ Aql,192529.9,+030653,3.36
  Vul,192528.6,+194755,5.16
ν Aql,192631.1,+002019,4.66
  Cyg,192609.1,+361904,5.15
α Vul,192842.3,+243954,4.44
  Aql,193039.8,-024720,5.03
β1Cyg,193043.3,+275735,3.08
β2Cyg,193045.3,+275755,5.11
ι2Cyg,192942.3,+514347,3.79
ι Tel,193513.0,-480557,4.90
  Cyg,193146.3,+342711,4.74
μ Aql,193405.4,+072244,4.45
  Aql,193507.3,-103337,5.12
  Vul,193434.9,+194624,5.00
  Sgr,193642.4,-245301,4.60
  Cyg,193450.9,+292747,5.38
     ,193441.2,+422446,5.35
κ Aql,193653.5,-070139,4.95
ι Aql,193643.3,-011711,4.36
     ,193734.4,-141806,5.47
  Aql,193747.3,-043851,5.46
σ Dra,193221.6,+693940,4.68
     ,193637.9,+444142,5.17
θ Cyg,193626.5,+501316,4.48
σ Aql,193911.6,+052352,5.17
φ Cyg,193922.6,+300912,4.69
α Sge,194005.8,+180050,4.37
  Cyg,193926.5,+424906,5.40
β Sge,194102.9,+172834,4.37
  Sgr,194231.1,-160726,5.06
     ,194050.2,+453130,5.06
     ,194333.5,-152812,5.49
χ Aql,194234.0,+114936,5.27
     ,194925.3,-723012,5.41
  Vul,194342.9,+254619,5.49
ν Tel,194801.2,-562145,5.35
  Sgr,194621.7,-194540,4.86
  Cyg,194416.6,+372116,4.89
γ Aql,194615.6,+103648,2.72
δ Cyg,194458.5,+450751,2.87
     ,195044.8,-591135,5.42
  Cyg,194625.6,+334340,4.99
δ Sge,194723.3,+183203,3.82
ζ Sge,194858.7,+190832,5.00
     ,195150.6,-395228,5.33
  Aql,195046.8,-104549,5.39
α Aql,195047.0,+085206,0.77
ο Aql,195101.6,+102456,5.11
χ Cyg,195033.9,+325451,4.23
  Vul,195104.1,+223636,4.95
  Cyg,195034.0,+384321,5.12
η Aql,195228.4,+010020,3.90
  Cyg,195037.7,+525917,5.03
ι Sgr,195515.7,-415206,4.13
ε Dra,194810.4,+701604,3.83
     ,195706.2,-585405,5.26
ε Pav,200035.5,-725438,3.96
  Vul,195327.7,+240447,4.58
ξ Aql,195414.9,+082741,4.71
ω Sgr,195550.4,-261758,4.70
β Aql,195518.8,+062424,3.71
  Sgr,195656.8,-271012,4.52
  Cyg,195317.4,+573125,5.14
  Sge,195601.3,+163805,5.36
φ Aql,195614.3,+112526,5.28
μ2Pav,200152.4,-665639,5.31
  Cyg,195551.7,+382912,4.94
  Sgr,195757.0,-152929,5.02
η Cyg,195618.4,+350500,3.89
  Sgr,195857.2,-261144,4.83
ψ Cyg,195537.8,+522620,4.92
θ1Sgr,195944.2,-351635,4.37
θ2Sgr,195951.3,-344152,5.30
     ,200144.7,-592234,5.13
     ,195713.9,+402205,5.45
     ,195555.4,+585046,4.96
γ Sge,195845.4,+192932,3.47
     ,195838.0,+305901,5.49
  Sge,200003.3,+173100,5.37
  Cyg,195955.2,+370234,5.19
  Sgr,200239.5,-274235,4.58
     ,200333.5,-375627,4.77
  Vul,200106.1,+274513,4.64
  Vul,200201.4,+245617,5.22
     ,200419.6,-320323,4.99
  Cyg,200121.6,+500617,5.05
δ Pav,200843.6,-661055,3.56
ξ Tel,200723.2,-525251,4.94
  Dra,200128.5,+644916,5.27
η Sge,200509.5,+195928,5.10
ρ Dra,200249.1,+675225,4.51
  Vul,200653.4,+233652,5.07
  Cyg,200621.8,+355821,5.36
  Dra,200532.8,+615944,5.39
     ,201111.9,-360604,5.32
  Cyg,200925.6,+365023,4.93
θ Aql,201118.3,-004917,3.23
  Vul,201148.0,+264832,5.49
  Aql,201313.9,-010034,5.47
ρ Aql,201416.6,+151151,4.95
  Cyg,201318.0,+464857,4.83
  Vul,201414.5,+284141,5.18
  Cyg,201337.9,+464429,3.79
  Cyg,201432.0,+364823,4.97
     ,201515.9,+253531,4.78
  Cyg,201323.9,+563404,4.30
  Vul,201530.2,+233031,5.15
  Vul,201546.1,+274851,4.52
α1Cap,201738.9,-123030,4.24
κ Cep,200853.3,+774241,4.39
  Cyg,201528.3,+474252,3.98
  Vul,201647.1,+244016,5.32
α2Cap,201803.3,-123241,3.57
     ,201655.3,+402154,5.24
σ Cap,201923.6,-190707,5.28
  Cyg,201747.2,+380159,4.81
  Cyg,201839.1,+345858,5.17
ν Cap,202039.8,-124533,4.76
β Cap,202100.7,-144653,3.08
α Pav,202538.9,-564406,1.94
     ,202310.7,+052035,5.31
γ Cyg,202213.7,+401524,2.20
  Cyg,202351.7,+321124,4.43
π Cap,202719.2,-181242,5.25
ρ Cap,202851.6,-174849,4.78
  Aql,202939.0,-025308,4.91
  Cyg,202923.7,+302207,4.01
ω1Cyg,203003.5,+485706,4.95
ν Mic,203355.1,-443058,5.11
φ1Pav,203534.8,-603454,4.76
θ Cep,202934.9,+625939,4.22
ω2Cyg,203118.8,+491313,5.44
ε Del,203312.8,+111812,4.03
η Del,203357.0,+130138,5.38
ρ Pav,203735.3,-613148,4.88
  Cyg,203354.2,+351503,4.61
α Ind,203734.0,-471729,3.11
ζ Del,203518.5,+144027,4.68
  Aql,203643.6,-023300,4.89
φ2Pav,204002.6,-603256,5.12
  Dra,203130.4,+745717,5.20
υ Pav,204157.1,-664539,5.15
β Del,203733.0,+143543,3.63
ι Del,203749.1,+112240,5.43
  Aql,203820.3,-010619,4.32
τ Cap,203916.4,-145717,5.22
  Vul,203831.3,+211204,4.82
     ,204019.8,-332555,5.47
  Vul,203831.9,+240658,5.04
κ Del,203907.8,+100510,5.05
  Aqr,203924.9,+002911,5.16
υ Cap,204003.0,-180819,5.10
  Dra,202814.6,+812522,5.46
α Del,203938.3,+155443,3.77
β Pav,204457.5,-661211,3.42
η Ind,204402.3,-515516,4.51
α Cyg,204125.9,+451649,1.25
δ Del,204327.5,+150428,4.43
  Cyg,204212.6,+502024,5.39
     ,204620.1,-391157,5.50
σ Pav,204918.1,-684635,5.41
ψ Cap,204605.7,-251615,4.14
  Vul,204452.5,+251614,4.91
  Cyg,204539.7,+304311,4.22
ι Mic,204829.2,-435919,5.11
γ1Del,204638.7,+160728,5.14
γ2Del,204639.5,+160727,4.27
ε Cyg,204612.7,+335813,2.46
ε Aqr,204740.6,-092945,3.77
  Aqr,204744.2,-050140,4.42
ζ Ind,204929.0,-461337,4.89
     ,204521.1,+573447,4.51
     ,204710.8,+342227,4.92
η Cep,204517.4,+615020,3.43
λ Cyg,204724.5,+362927,4.53
α Mic,204958.1,-334647,4.90
ι Ind,205130.1,-513630,5.05
  Cyg,204856.3,+460651,4.84
ω Cap,205149.3,-265509,4.11
  Cyg,205004.9,+440334,5.04
β Ind,205448.6,-582715,3.65
     ,205340.2,-394836,5.35
μ Aqr,205239.2,-085900,4.73
  Vul,205207.7,+270549,4.59
  Cyg,205314.8,+442314,4.78
     ,205318.6,+451055,5.45
     ,205353.9,+332616,5.47
  Vul,205433.6,+280327,5.01
  Del,205536.7,+134317,5.17
     ,204733.4,+803308,5.39
α Oct,210443.0,-770126,5.15
ν Cyg,205710.4,+411002,3.94
  Del,205825.9,+105021,5.48
  Vul,205816.4,+221933,5.31
ε Equ,205904.4,+041737,5.23
γ Mic,210117.5,-321528,4.67
  Cyg,205949.6,+473116,4.74
ζ Mic,210258.0,-383754,5.30
  Cyg,210110.9,+460921,5.37
μ Ind,210514.2,-544338,5.16
η Cap,210424.3,-195118,4.84
θ Cap,210556.8,-171358,4.07
     ,210624.7,-322030,5.18
ξ Cyg,210455.9,+435540,3.72
  Cap,210707.7,-250021,4.50
  Cyg,210654.6,+384445,5.21
χ Cap,210833.6,-211137,5.30
  Cyg,210636.1,+473854,4.55
ο Pav,211320.5,-700735,5.02
ν Aqr,210935.7,-112218,4.51
γ Equ,211020.5,+100754,4.69
     ,211303.1,-392531,5.26
     ,211317.3,-273710,5.42
ζ Cyg,211256.2,+301337,3.20
δ Equ,211428.9,+100025,4.49
φ Cap,211537.9,-203906,5.24
  Cap,211544.9,-151017,5.28
τ Cyg,211447.5,+380244,3.72
α Equ,211549.4,+051452,3.92
ε Mic,211756.3,-321021,4.71
  Cap,211757.3,-175907,5.43
θ Ind,211952.0,-532659,4.39
σ Cyg,211725.0,+392341,4.23
υ Cyg,211755.1,+345349,4.43
θ1Mic,212045.6,-404835,4.82
  Cyg,211827.2,+435645,5.00
α Cep,211834.8,+623508,2.44
ι Cap,212214.8,-165004,4.28
  Cep,211922.2,+645219,5.18
  Peg,212205.2,+194816,4.08
β Equ,212253.6,+064840,5.16
γ Pav,212626.6,-652158,4.22
  Cap,212409.6,-205107,5.41
  Aqr,212411.5,-125241,5.49
     ,212844.9,-693019,5.34
  Aqr,212517.0,-033324,5.49
ζ Cap,212640.0,-222441,3.74
  Cap,212843.4,-214826,4.51
  Cyg,212721.4,+370700,5.31
     ,212651.6,+485006,5.31
  Vul,212740.1,+273631,5.41
  Peg,212956.9,+233820,4.57
  Cep,212746.1,+664833,5.44
  Cyg,212927.0,+463226,5.24
ξ Gru,213205.9,-411045,5.29
β Aqr,213133.5,-053416,2.91
β Cep,212839.6,+703339,3.23
ρ Cyg,213358.9,+453531,4.02
ν Oct,214128.5,-772324,3.76
  Cyg,213446.6,+383203,4.90
ε Cap,213704.8,-192758,4.68
ξ Aqr,213745.1,-075115,4.69
  Cyg,213657.0,+402449,5.01
  Peg,213745.4,+191907,5.45
  Aqr,213933.3,+021437,5.10
γ Cap,214005.5,-163944,3.68
  Cep,213755.2,+620455,4.73
λ Oct,215054.3,-824309,5.29
  Cap,214132.9,-140251,5.18
  Cyg,214011.1,+431626,5.11
  Cap,214200.8,-231546,5.24
κ Cap,214239.5,-185159,4.73
  Peg,214215.5,+054048,5.30
π1Cyg,214205.7,+511123,4.67
ι PsA,214456.8,-330133,4.34
     ,214306.4,+410918,5.49
ε Peg,214411.2,+095230,2.39
μ1Cyg,214408.6,+284434,4.73
  Cap,214500.3,-090457,5.09
  Peg,214430.7,+172100,4.34
κ Peg,214438.7,+253842,4.13
μ Cep,214330.4,+584648,4.08
  Cep,214155.3,+711841,4.56
  Peg,214604.4,+225656,5.29
δ Cap,214702.4,-160738,2.87
     ,214304.0,+721913,5.17
θ PsA,214744.2,-305354,5.01
ν Cep,214526.9,+610715,4.29
π2Cyg,214647.6,+491834,4.23
  Peg,214950.7,+301027,5.04
  Peg,215008.7,+171708,5.29
μ Cap,215317.8,-133306,5.08
γ Gru,215355.7,-372154,3.01
  Peg,215303.8,+255530,5.08
     ,215622.8,-371513,5.46
δ Ind,215755.1,-545933,4.40
     ,215917.9,-382343,5.50
     ,215639.1,+633732,4.91
η PsA,220050.2,-282713,5.42
ε Ind,220321.6,-564710,4.69
  Cep,215915.0,+731048,5.03
ο Aqr,220318.9,-020919,4.69
  Aqr,220447.4,-005424,5.30
λ Gru,220606.9,-393236,4.46
ν Peg,220540.8,+050331,4.84
α Aqr,220547.0,-001911,2.96
  Cep,220352.9,+630711,5.29
ξ Cep,220347.4,+643740,4.29
ι Aqr,220626.2,-135211,4.27
     ,220602.0,+450052,5.14
α Gru,220814.0,-465740,1.74
  Cep,220500.5,+624708,5.27
  Cep,220508.9,+621648,5.11
ι Peg,220700.7,+252042,3.76
μ PsA,220823.0,-325919,4.50
υ PsA,220826.0,-340238,4.99
     ,220955.7,-340053,5.37
τ PsA,221008.8,-323254,4.92
θ Peg,221012.0,+061152,3.53
  Aqr,221037.5,-113354,5.46
π2Peg,220959.2,+331042,4.29
     ,221109.9,+504924,5.40
ζ Cep,221051.3,+581204,3.35
  Cep,220948.4,+722028,4.79
λ Cep,221130.7,+592452,5.04
     ,221148.8,+565022,5.24
     ,221038.9,+700758,5.50
     ,221247.8,+343617,5.33
λ PsA,221418.8,-274601,5.43
     ,221201.9,+604534,5.35
  Aqr,221418.0,-210427,5.32
ε Oct,222001.5,-802623,5.10
     ,221352.7,+394254,4.49
μ1Gru,221536.9,-412048,4.79
μ2Gru,221626.6,-413739,5.10
ε Cep,221502.0,+570237,4.19
  Aqr,221648.1,-124953,5.34
  Lac,221558.2,+374456,4.13
θ Aqr,221650.0,-074700,4.16
     ,221815.6,-533740,5.37
α Tuc,221830.1,-601535,2.86
ρ Aqr,222011.9,-074916,5.37
  Peg,222027.6,+054722,5.37
ν Ind,222436.8,-721520,5.29
  Aqr,222135.6,-213554,5.13
γ Aqr,222139.4,-012314,3.84
  Peg,222131.1,+121219,5.01
  Peg,222119.3,+281950,4.81
  Lac,222101.6,+463212,4.57
     ,222456.4,-574750,5.32
β Lac,222333.6,+521345,4.43
π Aqr,222516.6,+012239,4.66
δ Tuc,222720.0,-645759,4.48
  Lac,222431.0,+492835,4.57
     ,221310.6,+860629,5.27
  Peg,222751.5,+044144,4.79
ν Gru,222839.2,-390755,5.47
δ1Gru,222916.2,-432944,3.97
     ,222600.8,+704615,5.47
ζ1Aqr,222849.7,-000113,4.59
ζ2Aqr,222850.1,-000112,4.42
δ2Gru,222945.5,-434458,4.11
  Cep,222705.3,+650756,5.46
  Peg,222958.0,+042554,5.48
δ Cep,222910.3,+582455,3.75
  Lac,222931.8,+474225,4.36
σ Aqr,223038.8,-104041,4.82
β PsA,223130.3,-322046,4.29
  Lac,223029.3,+430724,4.51
ν Tuc,223300.1,-615856,4.81
α Lac,223117.5,+501657,3.77
ρ2Cep,222952.9,+784927,5.50
υ Aqr,223441.6,-204230,5.20
η Aqr,223521.4,-000703,4.02
κ Aqr,223745.4,-041341,5.03
  Lac,223722.4,+513243,4.63
  Cep,223546.1,+733835,5.08
     ,223837.9,+564745,5.21
  Lac,223915.7,+390301,4.88
  Cep,223839.0,+633504,5.19
ε PsA,224039.4,-270237,4.17
β Oct,224603.3,-812254,4.15
  Lac,224030.9,+441635,4.46
ζ Peg,224127.7,+104953,3.40
β Gru,224240.1,-465305,2.10
  Lac,224128.6,+401332,5.25
ο Peg,224145.4,+291827,4.79
ρ Gru,224330.0,-412452,4.85
  Aqr,224335.3,-184949,4.69
η Peg,224300.1,+301317,2.94
η Gru,224537.9,-533001,4.85
  Lac,224405.5,+414909,5.08
ξ Oct,225022.9,-800727,5.35
ξ Peg,224641.6,+121022,4.19
λ Peg,224631.9,+233356,3.95
  Aqr,224733.1,-193648,5.26
ε Gru,224833.3,-511901,3.49
τ2Aqr,224935.5,-133533,4.01
μ Peg,225000.2,+243606,3.48
     ,225102.2,-390925,5.42
     ,224946.2,+555410,5.43
ι Cep,224940.8,+661202,3.52
γ PsA,225231.6,-325232,4.46
σ Peg,225224.1,+095008,5.16
λ Aqr,225236.9,-073447,3.74
  Lac,225202.0,+431845,4.94
     ,224729.0,+830914,4.74
δ Aqr,225439.0,-154915,3.27
ρ Peg,225513.7,+084857,4.90
δ PsA,225556.9,-323223,4.21
     ,225626.0,+494401,4.95
α PsA,225739.1,-293720,1.16
  Peg,225727.9,+204608,5.49
     ,225704.5,+484103,5.43
  Psc,225927.4,+005746,5.43
ζ Gru,230052.8,-524515,4.12
     ,225424.8,+842046,4.71
     ,230005.1,+565643,5.00
ο And,230155.3,+421934,3.62
  And,230236.3,+424528,5.10
π PsA,230329.8,-344458,5.11
β Psc,230352.6,+034912,4.53
κ Gru,230439.6,-535754,5.37
β Peg,230346.5,+280458,2.42
     ,230332.9,+671233,5.24
  And,230411.0,+500308,4.65
α Peg,230445.7,+151219,2.49
  Aqr,230509.8,-074137,5.43
θ Gru,230652.8,-433114,4.28
  Aqr,230640.9,-234435,4.47
  Peg,230700.3,+092434,4.52
  Peg,230706.8,+252806,4.76
  Cas,230636.9,+592511,4.85
  And,230739.3,+462314,5.33
  Psc,230840.9,+020740,5.40
  Aqr,230926.8,-211021,3.66
  Peg,230931.5,+084038,5.12
  Aqr,230954.8,-222727,4.69
π Cep,230753.9,+752315,4.41
ι Gru,231021.6,-451448,3.90
  Peg,231001.5,+094919,5.39
  Peg,231144.2,+084312,5.16
  And,231233.0,+492423,4.52
φ Aqr,231419.4,-060256,4.22
ψ1Aqr,231553.5,-090516,4.21
γ Tuc,231725.8,-581409,3.99
χ Aqr,231650.9,-074336,5.06
γ Psc,231709.9,+031656,3.69
ψ2Aqr,231754.2,-091057,4.39
  And,231744.7,+490055,4.85
τ Oct,232803.7,-872856,5.49
γ Scl,231849.4,-323155,4.41
ψ3Aqr,231857.7,-093639,4.98
  Aqr,231906.7,-132732,5.08
ο Cep,231837.5,+680642,4.75
  And,231929.8,+483731,5.44
  Psc,232020.6,+052253,5.05
τ Peg,232038.2,+234425,4.60
  Peg,232154.9,+314845,5.32
  Aqr,232239.2,-150221,5.20
  Aqr,232258.2,-200602,3.97
  Peg,232304.6,+121850,5.08
  Cas,232450.3,+621658,4.98
υ Peg,232522.8,+232415,4.40
  Aqr,232602.8,-203831,4.39
κ Psc,232656.0,+011520,4.94
θ Psc,232758.1,+062244,4.28
  Peg,232909.3,+124538,4.55
     ,233002.0,+583256,4.91
  And,233117.4,+391411,5.22
β Scl,233258.3,-374906,4.37
  Aqr,233316.6,-205452,4.71
  Peg,233328.1,+222956,5.32
  Peg,233357.2,+311931,4.98
ι Phe,233504.6,-423654,4.71
     ,233751.0,-452933,4.74
λ And,233733.9,+462729,3.82
ι And,233808.2,+431605,4.29
  And,233908.3,+502818,5.30
ω1Aqr,233947.1,-141318,5.00
ι Psc,233957.0,+053735,4.13
γ Cep,233920.8,+773757,3.21
μ Scl,234038.2,-320423,5.31
κ And,234024.5,+442002,4.14
  Aqr,234134.5,-180138,5.34
  Aqr,234145.8,-174859,4.82
λ Psc,234202.8,+014648,4.50
     ,234227.9,-152652,5.28
ω2Aqr,234243.3,-143242,4.49
  Peg,234322.4,+101953,5.06
  Peg,234359.5,+292142,4.93
  Aqr,234412.1,-181637,5.24
  Aqr,234600.9,-184041,5.29
ψ And,234602.1,+462513,4.95
  Psc,234623.5,+032912,5.04
σ Phe,234716.0,-501336,5.18
τ Cas,234703.5,+583907,4.87
  Psc,234756.5,-024542,5.49
     ,234754.8,+674825,5.04
δ Scl,234855.6,-280749,4.57
  Cas,234850.2,+621252,5.43
  Aqr,235121.3,-185432,5.18
γ1Oct,235206.4,-820108,5.11
φ Peg,235229.3,+190713,5.08
  Peg,235237.1,+105651,5.30
ρ Cas,235423.0,+572958,4.54
η Tuc,235735.2,-641754,5.00
ψ Peg,235745.5,+250829,4.66
     ,235824.8,+512319,4.80
  Psc,235840.4,-033322,4.86
π Phe,235855.8,-524445,5.13
σ Cas,235900.5,+554518,4.88
ω Psc,235918.7,+065148,4.01
ε Tuc,235955.0,-653438,4.50
θ Oct,000135.7,-770357,4.78
  Psc,000149.4,-030139,5.10
  Psc,000157.6,-060051,4.41
ζ Scl,000219.9,-294313,5.01
  Cet,000344.4,-172010,4.55
  Cet,000430.1,-103034,4.94